<?xml version="1.0"?>
<COLLADA xmlns="http://www.collada.org/2005/11/COLLADASchema" version="1.4.1">
	<asset>
		<contributor>
			<author>Assimp</author>
			<authoring_tool>Assimp Exporter</authoring_tool>
		</contributor>
		<created>2022-10-07T15:09:32</created>
		<modified>2022-10-07T15:09:32</modified>
		<unit name="meter" meter="1.000000" />
		<up_axis>Y_UP</up_axis>
	</asset>
	<library_effects>
		<effect id="lambert1-fx" name="lambert1">
			<profile_COMMON>
				<technique sid="standard">
					<phong>
						<diffuse>
							<color sid="diffuse">0.500000   0.500000   0.500000   1.000000</color>
						</diffuse>
					</phong>
				</technique>
			</profile_COMMON>
		</effect>
	</library_effects>
	<library_materials>
		<material id="lambert1" name="lambert1">
			<instance_effect url="#lambert1-fx"/>
		</material>
	</library_materials>
	<library_geometries>
		<geometry id="meshId0" name="meshId0_name" >
			<mesh>
				<source id="meshId0-positions" name="meshId0-positions">
					<float_array id="meshId0-positions-array" count="2001"> 
						1.341459 -1.000000 -0.974627 1.576979 -1.000000 -0.512392 0.000000 -1.000000 -0.000000 0.974627 -1.000000 -1.341458 0.512392 -1.000000 -1.576979 0.000000 -1.000000 -1.658134 -0.512392 -1.000000 -1.576979 -0.974627 -1.000000 -1.341458 -1.341458 -1.000000 -0.974626 -1.576979 -1.000000 -0.512391 -1.658134 -1.000000 0.000000 -1.576979 -1.000000 0.512392 -1.341458 -1.000000 0.974627 -0.974626 -1.000000 1.341458 -0.512391 -1.000000 1.576979 0.000000 -1.000000 1.658134 0.512391 -1.000000 1.576978 0.974626 -1.000000 1.341458 1.341458 -1.000000 0.974627 1.576978 -1.000000 0.512392 1.658133 -1.000000 0.000000 1.639716 6.355603 -0.532776 1.394826 6.355603 -1.013400 0.644454 6.189528 -0.468224 0.757602 6.189528 -0.246160 1.013400 6.355603 -1.394825 0.468224 6.189528 -0.644454 0.532776 6.355603 -1.639716 0.246160 6.189528 -0.757602 0.000000 6.355603 -1.724099 -0.000000 6.189528 -0.796589 -0.532776 6.355603 -1.639716 -0.246160 6.189528 -0.757601 -1.013400 6.355603 -1.394825 -0.468224 6.189528 -0.644454 -1.394825 6.355603 -1.013400 -0.644454 6.189528 -0.468224 -1.639715 6.355603 -0.532776 -0.757601 6.189528 -0.246160 -1.724099 6.355603 0.000000 -0.796589 6.189528 -0.000000 -1.639715 6.355603 0.532776 -0.757601 6.189528 0.246160 -1.394825 6.355603 1.013399 -0.644454 6.189528 0.468223 -1.013400 6.355603 1.394825 -0.468224 6.189528 0.644454 -0.532776 6.355603 1.639715 -0.246160 6.189528 0.757601 0.000000 6.355603 1.724098 -0.000000 6.189528 0.796589 0.532776 6.355603 1.639715 0.246160 6.189528 0.757601 1.013400 6.355603 1.394825 0.468223 6.189528 0.644454 1.394825 6.355603 1.013399 0.644454 6.189528 0.468223 1.639715 6.355603 0.532776 0.757601 6.189528 0.246159 1.724098 6.355603 0.000000 0.796589 6.189528 -0.000000 1.633835 6.253433 -0.530865 1.389823 6.253433 -1.009765 1.394826 6.355603 -1.013400 
						1.639716 6.355603 -0.532776 1.009766 6.253433 -1.389823 1.013400 6.355603 -1.394825 0.530865 6.253433 -1.633835 0.532776 6.355603 -1.639716 0.000000 6.253433 -1.717915 0.000000 6.355603 -1.724099 0.000000 6.253433 -1.717915 -0.530865 6.253433 -1.633835 -0.532776 6.355603 -1.639716 0.000000 6.355603 -1.724099 -1.009765 6.253433 -1.389823 -1.013400 6.355603 -1.394825 -1.389823 6.253433 -1.009765 -1.394825 6.355603 -1.013400 -1.633835 6.253433 -0.530865 -1.639715 6.355603 -0.532776 -1.717915 6.253433 0.000000 -1.724099 6.355603 0.000000 -1.717915 6.253433 0.000000 -1.633835 6.253433 0.530865 -1.639715 6.355603 0.532776 -1.724099 6.355603 0.000000 -1.389823 6.253433 1.009765 -1.394825 6.355603 1.013399 -1.009765 6.253433 1.389823 -1.013400 6.355603 1.394825 -0.530865 6.253433 1.633834 -0.532776 6.355603 1.639715 0.000000 6.253433 1.717915 0.000000 6.355603 1.724098 0.000000 6.253433 1.717915 0.530865 6.253433 1.633834 0.532776 6.355603 1.639715 0.000000 6.355603 1.724098 1.009765 6.253433 1.389823 1.013400 6.355603 1.394825 1.389823 6.253433 1.009765 1.394825 6.355603 1.013399 1.633834 6.253433 0.530865 1.639715 6.355603 0.532776 1.717915 6.253433 0.000000 1.724098 6.355603 0.000000 1.717915 6.253433 0.000000 1.724098 6.355603 0.000000 1.115563 5.836731 -0.362468 0.948954 5.836731 -0.689455 1.135420 6.055660 -0.824930 1.334766 6.055660 -0.433692 0.689456 5.836731 -0.948954 0.824931 6.055660 -1.135420 0.362468 5.836731 -1.115562 0.433692 6.055660 -1.334766 0.000000 5.836731 -1.172971 0.000000 6.055660 -1.403456 0.000000 5.836731 -1.172971 -0.362468 5.836731 -1.115562 -0.433692 6.055660 -1.334766 0.000000 6.055660 -1.403456 -0.689455 5.836731 -0.948954 -0.824930 6.055660 -1.135420 -0.948954 5.836731 -0.689455 -1.135420 6.055660 -0.824930 -1.115562 5.836731 -0.362468 
						-1.334766 6.055660 -0.433692 -1.172971 5.836731 0.000000 -1.403455 6.055660 0.000000 -1.172971 5.836731 0.000000 -1.115562 5.836731 0.362468 -1.334766 6.055660 0.433692 -1.403455 6.055660 0.000000 -0.948954 5.836731 0.689455 -1.135420 6.055660 0.824930 -0.689455 5.836731 0.948954 -0.824930 6.055660 1.135420 -0.362468 5.836731 1.115562 -0.433692 6.055660 1.334765 -0.000000 5.836731 1.172971 0.000000 6.055660 1.403455 -0.000000 5.836731 1.172971 0.362468 5.836731 1.115562 0.433692 6.055660 1.334765 0.000000 6.055660 1.403455 0.689455 5.836731 0.948954 0.824930 6.055660 1.135419 0.948954 5.836731 0.689455 1.135419 6.055660 0.824930 1.115562 5.836731 0.362468 1.334765 6.055660 0.433692 1.172971 5.836731 0.000000 1.403455 6.055660 0.000000 1.172971 5.836731 0.000000 1.403455 6.055660 0.000000 1.038795 5.050756 -0.337525 0.883651 5.050756 -0.642010 0.930340 5.260093 -0.675931 1.093680 5.260093 -0.355358 0.642010 5.050756 -0.883651 0.675931 5.260093 -0.930339 0.337525 5.050756 -1.038794 0.355358 5.260093 -1.093680 0.000000 5.050756 -1.092253 0.000000 5.260093 -1.149963 -0.337525 5.050756 -1.038794 -0.355358 5.260093 -1.093680 -0.642010 5.050756 -0.883651 -0.675931 5.260093 -0.930339 -0.883651 5.050756 -0.642010 -0.930339 5.260093 -0.675931 -1.038794 5.050756 -0.337525 -1.093679 5.260093 -0.355358 -1.092253 5.050756 0.000000 -1.149963 5.260093 0.000000 -1.092253 5.050756 0.000000 -1.038794 5.050756 0.337525 -1.093679 5.260093 0.355358 -1.149963 5.260093 0.000000 -0.883651 5.050756 0.642010 -0.930339 5.260093 0.675931 -0.642010 5.050756 0.883651 -0.675931 5.260093 0.930339 -0.337525 5.050756 1.038794 -0.355358 5.260093 1.093679 -0.000000 5.050756 1.092253 -0.000000 5.260093 1.149963 0.337525 5.050756 1.038794 0.355358 5.260093 1.093679 0.642010 5.050756 0.883651 
						0.675931 5.260093 0.930339 0.883651 5.050756 0.642010 0.930339 5.260093 0.675931 1.038794 5.050756 0.337525 1.093679 5.260093 0.355358 1.092252 5.050756 0.000000 1.149962 5.260093 0.000000 1.092252 5.050756 0.000000 1.149962 5.260093 0.000000 1.633835 6.253433 -0.530865 1.717915 6.253433 0.000000 1.717915 6.253433 0.000000 1.633834 6.253433 0.530865 1.389823 6.253433 1.009765 1.009765 6.253433 1.389823 0.530865 6.253433 1.633834 0.000000 6.253433 1.717915 0.000000 6.253433 1.717915 -0.530865 6.253433 1.633834 -1.009765 6.253433 1.389823 -1.389823 6.253433 1.009765 -1.633835 6.253433 0.530865 -1.717915 6.253433 0.000000 -1.717915 6.253433 0.000000 -1.633835 6.253433 -0.530865 -1.389823 6.253433 -1.009765 -1.009765 6.253433 -1.389823 -0.530865 6.253433 -1.633835 0.000000 6.253433 -1.717915 0.000000 6.253433 -1.717915 0.530865 6.253433 -1.633835 1.009766 6.253433 -1.389823 1.389823 6.253433 -1.009765 0.929171 4.878187 -0.301906 0.790400 4.878187 -0.574259 0.574259 4.878187 -0.790400 0.301906 4.878187 -0.929171 -0.000000 4.878187 -0.976988 -0.301906 4.878187 -0.929171 -0.574259 4.878187 -0.790400 -0.790400 4.878187 -0.574259 -0.929171 4.878187 -0.301906 -0.976988 4.878187 0.000000 -0.976988 4.878187 0.000000 -0.929171 4.878187 0.301906 -0.790400 4.878187 0.574259 -0.574259 4.878187 0.790400 -0.301906 4.878187 0.929171 -0.000000 4.878187 0.976988 0.301906 4.878187 0.929171 0.574259 4.878187 0.790400 0.790400 4.878187 0.574259 0.929171 4.878187 0.301906 0.976988 4.878187 0.000000 0.976988 4.878187 0.000000 0.974724 4.788217 -0.316707 0.829149 4.788217 -0.602412 0.790400 4.878187 -0.574259 0.929171 4.878187 -0.301906 0.602412 4.788217 -0.829149 0.574259 4.878187 -0.790400 0.316707 4.788217 -0.974724 0.301906 4.878187 -0.929171 -0.000000 4.788217 -1.024885 
						-0.000000 4.878187 -0.976988 -0.316707 4.788217 -0.974724 -0.301906 4.878187 -0.929171 -0.602412 4.788217 -0.829149 -0.574259 4.878187 -0.790400 -0.829149 4.788217 -0.602412 -0.790400 4.878187 -0.574259 -0.974723 4.788217 -0.316707 -0.929171 4.878187 -0.301906 -1.024885 4.788217 0.000000 -0.976988 4.878187 0.000000 -1.024885 4.788217 0.000000 -0.974723 4.788217 0.316707 -0.929171 4.878187 0.301906 -0.976988 4.878187 0.000000 -0.829149 4.788217 0.602412 -0.790400 4.878187 0.574259 -0.602412 4.788217 0.829149 -0.574259 4.878187 0.790400 -0.316707 4.788217 0.974723 -0.301906 4.878187 0.929171 -0.000000 4.788217 1.024885 -0.000000 4.878187 0.976988 0.316707 4.788217 0.974723 0.301906 4.878187 0.929171 0.602412 4.788217 0.829149 0.574259 4.878187 0.790400 0.829149 4.788217 0.602412 0.790400 4.878187 0.574259 0.974723 4.788217 0.316707 0.929171 4.878187 0.301906 1.024884 4.788217 0.000000 0.976988 4.878187 0.000000 1.024884 4.788217 0.000000 0.976988 4.878187 0.000000 0.991915 5.496031 -0.322293 1.042960 5.496031 0.000000 1.042960 5.496031 0.000000 0.991914 5.496031 0.322292 0.843773 5.496031 0.613037 0.613037 5.496031 0.843773 0.322292 5.496031 0.991914 -0.000000 5.496031 1.042960 -0.322293 5.496031 0.991914 -0.613037 5.496031 0.843773 -0.843773 5.496031 0.613037 -0.991914 5.496031 0.322292 -1.042960 5.496031 0.000000 -1.042960 5.496031 0.000000 -0.991914 5.496031 -0.322292 -0.843773 5.496031 -0.613037 -0.613037 5.496031 -0.843773 -0.322293 5.496031 -0.991914 0.000000 5.496031 -1.042961 0.322292 5.496031 -0.991914 0.613037 5.496031 -0.843773 0.843773 5.496031 -0.613037 0.929958 4.701277 -0.302161 0.791069 4.701277 -0.574745 0.574745 4.701277 -0.791069 0.302161 4.701277 -0.929957 -0.000000 4.701277 -0.977815 -0.302161 4.701277 -0.929957 -0.574745 4.701277 -0.791069 
						-0.791069 4.701277 -0.574745 -0.929957 4.701277 -0.302161 -0.977814 4.701277 0.000000 -0.977814 4.701277 0.000000 -0.929957 4.701277 0.302161 -0.791069 4.701277 0.574745 -0.574745 4.701277 0.791069 -0.302161 4.701277 0.929957 -0.000000 4.701277 0.977815 0.302161 4.701277 0.929957 0.574745 4.701277 0.791069 0.791069 4.701277 0.574745 0.929957 4.701277 0.302161 0.977814 4.701277 0.000000 0.977814 4.701277 0.000000 0.993192 4.601499 -0.322708 0.844860 4.601499 -0.613826 0.791069 4.701277 -0.574745 0.929958 4.701277 -0.302161 0.613827 4.601499 -0.844860 0.574745 4.701277 -0.791069 0.322708 4.601499 -0.993192 0.302161 4.701277 -0.929957 -0.000000 4.601499 -1.044304 -0.000000 4.701277 -0.977815 -0.322708 4.601499 -0.993192 -0.302161 4.701277 -0.929957 -0.613826 4.601499 -0.844860 -0.574745 4.701277 -0.791069 -0.844860 4.601499 -0.613826 -0.791069 4.701277 -0.574745 -0.993192 4.601499 -0.322708 -0.929957 4.701277 -0.302161 -1.044304 4.601499 0.000000 -0.977814 4.701277 0.000000 -1.044304 4.601499 0.000000 -0.993192 4.601499 0.322708 -0.929957 4.701277 0.302161 -0.977814 4.701277 0.000000 -0.844860 4.601499 0.613826 -0.791069 4.701277 0.574745 -0.613826 4.601499 0.844860 -0.574745 4.701277 0.791069 -0.322708 4.601499 0.993192 -0.302161 4.701277 0.929957 -0.000000 4.601499 1.044304 -0.000000 4.701277 0.977815 0.322708 4.601499 0.993192 0.302161 4.701277 0.929957 0.613826 4.601499 0.844859 0.574745 4.701277 0.791069 0.844859 4.601499 0.613826 0.791069 4.701277 0.574745 0.993192 4.601499 0.322708 0.929957 4.701277 0.302161 1.044303 4.601499 0.000000 0.977814 4.701277 0.000000 1.044303 4.601499 0.000000 0.977814 4.701277 0.000000 0.930890 4.493764 -0.302465 0.791862 4.493764 -0.575321 0.575322 4.493764 -0.791862 0.302464 4.493764 -0.930890 -0.000000 4.493764 -0.978795 
						-0.302465 4.493764 -0.930890 -0.575321 4.493764 -0.791862 -0.791862 4.493764 -0.575321 -0.930890 4.493764 -0.302464 -0.978795 4.493764 0.000000 -0.978795 4.493764 0.000000 -0.930890 4.493764 0.302464 -0.791862 4.493764 0.575321 -0.575321 4.493764 0.791862 -0.302464 4.493764 0.930890 -0.000000 4.493764 0.978795 0.302464 4.493764 0.930890 0.575321 4.493764 0.791862 0.791862 4.493764 0.575321 0.930889 4.493764 0.302464 0.978795 4.493764 0.000000 0.978795 4.493764 0.000000 0.978331 4.389585 -0.317879 0.832218 4.389585 -0.604642 0.791862 4.493764 -0.575321 0.930890 4.493764 -0.302465 0.604642 4.389585 -0.832218 0.575322 4.493764 -0.791862 0.317879 4.389585 -0.978331 0.302464 4.493764 -0.930890 -0.000000 4.389585 -1.028678 -0.000000 4.493764 -0.978795 -0.317879 4.389585 -0.978331 -0.302465 4.493764 -0.930890 -0.604642 4.389585 -0.832218 -0.575321 4.493764 -0.791862 -0.832218 4.389585 -0.604642 -0.791862 4.493764 -0.575321 -0.978331 4.389585 -0.317879 -0.930890 4.493764 -0.302464 -1.028678 4.389585 0.000000 -0.978795 4.493764 0.000000 -1.028678 4.389585 0.000000 -0.978331 4.389585 0.317879 -0.930890 4.493764 0.302464 -0.978795 4.493764 0.000000 -0.832218 4.389585 0.604641 -0.791862 4.493764 0.575321 -0.604642 4.389585 0.832218 -0.575321 4.493764 0.791862 -0.317879 4.389585 0.978331 -0.302464 4.493764 0.930890 -0.000000 4.389585 1.028678 -0.000000 4.493764 0.978795 0.317879 4.389585 0.978331 0.302464 4.493764 0.930890 0.604641 4.389585 0.832218 0.575321 4.493764 0.791862 0.832218 4.389585 0.604641 0.791862 4.493764 0.575321 0.978331 4.389585 0.317879 0.930889 4.493764 0.302464 1.028677 4.389585 0.000000 0.978795 4.493764 0.000000 1.028677 4.389585 0.000000 0.978795 4.493764 0.000000 0.862291 4.304036 -0.280175 0.733508 4.304036 -0.532925 0.532925 4.304036 -0.733508 
						0.280175 4.304036 -0.862290 -0.000000 4.304036 -0.906666 -0.280175 4.304036 -0.862290 -0.532925 4.304036 -0.733508 -0.733508 4.304036 -0.532925 -0.862290 4.304036 -0.280175 -0.906666 4.304036 0.000000 -0.906666 4.304036 0.000000 -0.862290 4.304036 0.280175 -0.733508 4.304036 0.532925 -0.532925 4.304036 0.733508 -0.280175 4.304036 0.862290 -0.000000 4.304036 0.906666 0.280175 4.304036 0.862290 0.532925 4.304036 0.733508 0.733508 4.304036 0.532925 0.862290 4.304036 0.280175 0.906666 4.304036 0.000000 0.906666 4.304036 0.000000 1.296818 -0.537058 -0.421362 1.103139 -0.537058 -0.801477 0.868486 -0.410248 -0.630992 1.020967 -0.410248 -0.331732 0.801478 -0.537058 -1.103139 0.630992 -0.410248 -0.868486 0.421362 -0.537058 -1.296818 0.331732 -0.410248 -1.020967 0.000000 -0.537058 -1.363555 0.000000 -0.410248 -1.073508 -0.421362 -0.537058 -1.296818 -0.331732 -0.410248 -1.020967 -0.801477 -0.537058 -1.103139 -0.630992 -0.410248 -0.868486 -1.103139 -0.537058 -0.801477 -0.868486 -0.410248 -0.630992 -1.296817 -0.537058 -0.421362 -1.020966 -0.410248 -0.331732 -1.363555 -0.537058 0.000000 -1.073507 -0.410248 0.000000 -1.363555 -0.537058 0.000000 -1.296817 -0.537058 0.421362 -1.020966 -0.410248 0.331732 -1.073507 -0.410248 0.000000 -1.103139 -0.537058 0.801477 -0.868486 -0.410248 0.630992 -0.801477 -0.537058 1.103139 -0.630992 -0.410248 0.868486 -0.421362 -0.537058 1.296818 -0.331732 -0.410248 1.020966 0.000000 -0.537058 1.363555 -0.000000 -0.410248 1.073507 0.421361 -0.537058 1.296817 0.331732 -0.410248 1.020966 0.801477 -0.537058 1.103139 0.630992 -0.410248 0.868486 1.103139 -0.537058 0.801477 0.868486 -0.410248 0.630992 1.296817 -0.537058 0.421362 1.020966 -0.410248 0.331732 1.363554 -0.537058 0.000000 1.073507 -0.410248 0.000000 1.363554 -0.537058 0.000000 1.073507 -0.410248 0.000000 1.576979 -1.000000 -0.512392 
						1.341459 -1.000000 -0.974627 1.285844 -0.715787 -0.934220 1.511600 -0.715787 -0.491149 0.974627 -1.000000 -1.341458 0.934220 -0.715787 -1.285844 0.512392 -1.000000 -1.576979 0.491149 -0.715787 -1.511600 0.000000 -1.000000 -1.658134 0.000000 -0.715787 -1.589391 -0.512392 -1.000000 -1.576979 -0.491149 -0.715787 -1.511600 -0.974627 -1.000000 -1.341458 -0.934220 -0.715787 -1.285843 -1.341458 -1.000000 -0.974626 -1.285843 -0.715787 -0.934220 -1.576979 -1.000000 -0.512391 -1.511600 -0.715787 -0.491149 -1.658134 -1.000000 0.000000 -1.589390 -0.715787 0.000000 -1.658134 -1.000000 0.000000 -1.576979 -1.000000 0.512392 -1.511600 -0.715787 0.491149 -1.589390 -0.715787 0.000000 -1.341458 -1.000000 0.974627 -1.285843 -0.715787 0.934220 -0.974626 -1.000000 1.341458 -0.934220 -0.715787 1.285844 -0.512391 -1.000000 1.576979 -0.491149 -0.715787 1.511600 0.000000 -1.000000 1.658134 0.000000 -0.715787 1.589390 0.512391 -1.000000 1.576978 0.491149 -0.715787 1.511599 0.974626 -1.000000 1.341458 0.934220 -0.715787 1.285843 1.341458 -1.000000 0.974627 1.285843 -0.715787 0.934220 1.576978 -1.000000 0.512392 1.511599 -0.715787 0.491149 1.658133 -1.000000 0.000000 1.589390 -0.715787 0.000000 1.658133 -1.000000 0.000000 1.589390 -0.715787 0.000000 1.073507 -0.410248 0.000000 1.020967 -0.410248 -0.331732 1.103793 0.276115 -0.358644 1.160596 0.276115 0.000000 1.020966 -0.410248 0.331732 1.073507 -0.410248 0.000000 1.160596 0.276115 0.000000 1.103792 0.276115 0.358644 0.868486 -0.410248 0.630992 0.938942 0.276115 0.682181 0.630992 -0.410248 0.868486 0.682181 0.276115 0.938942 0.331732 -0.410248 1.020966 0.358644 0.276115 1.103792 -0.000000 -0.410248 1.073507 -0.000000 0.276115 1.160596 -0.331732 -0.410248 1.020966 -0.358644 0.276115 1.103792 -0.630992 -0.410248 0.868486 -0.682181 0.276115 0.938942 -0.868486 -0.410248 0.630992 
						-0.938942 0.276115 0.682181 -1.020966 -0.410248 0.331732 -1.103792 0.276115 0.358644 -1.073507 -0.410248 0.000000 -1.160596 0.276115 0.000000 -1.020966 -0.410248 -0.331732 -1.073507 -0.410248 0.000000 -1.160596 0.276115 0.000000 -1.103792 0.276115 -0.358644 -0.868486 -0.410248 -0.630992 -0.938942 0.276115 -0.682181 -0.630992 -0.410248 -0.868486 -0.682181 0.276115 -0.938942 -0.331732 -0.410248 -1.020967 -0.358644 0.276115 -1.103792 0.000000 -0.410248 -1.073508 0.000000 0.276115 -1.160596 0.331732 -0.410248 -1.020967 0.358644 0.276115 -1.103792 0.630992 -0.410248 -0.868486 0.682181 0.276115 -0.938942 0.868486 -0.410248 -0.630992 0.938942 0.276115 -0.682181 1.511600 -0.715787 -0.491149 1.285844 -0.715787 -0.934220 0.934220 -0.715787 -1.285844 0.491149 -0.715787 -1.511600 0.000000 -0.715787 -1.589391 -0.491149 -0.715787 -1.511600 -0.934220 -0.715787 -1.285843 -1.285843 -0.715787 -0.934220 -1.511600 -0.715787 -0.491149 -1.589390 -0.715787 0.000000 -1.589390 -0.715787 0.000000 -1.511600 -0.715787 0.491149 -1.285843 -0.715787 0.934220 -0.934220 -0.715787 1.285844 -0.491149 -0.715787 1.511600 0.000000 -0.715787 1.589390 0.491149 -0.715787 1.511599 0.934220 -0.715787 1.285843 1.285843 -0.715787 0.934220 1.511599 -0.715787 0.491149 1.589390 -0.715787 0.000000 1.589390 -0.715787 0.000000 0.862291 4.304036 -0.280175 0.906666 4.304036 0.000000 0.906666 4.304036 0.000000 0.862290 4.304036 0.280175 0.733508 4.304036 0.532925 0.532925 4.304036 0.733508 0.280175 4.304036 0.862290 -0.000000 4.304036 0.906666 -0.280175 4.304036 0.862290 -0.532925 4.304036 0.733508 -0.733508 4.304036 0.532925 -0.862290 4.304036 0.280175 -0.906666 4.304036 0.000000 -0.906666 4.304036 0.000000 -0.862290 4.304036 -0.280175 -0.733508 4.304036 -0.532925 -0.532925 4.304036 -0.733508 -0.280175 4.304036 -0.862290 -0.000000 4.304036 -0.906666 
						0.280175 4.304036 -0.862290 0.532925 4.304036 -0.733508 0.733508 4.304036 -0.532925 1.042960 5.496031 0.000000 0.991915 5.496031 -0.322293 0.991914 5.496031 0.322292 1.042960 5.496031 0.000000 0.843773 5.496031 0.613037 0.613037 5.496031 0.843773 0.322292 5.496031 0.991914 -0.000000 5.496031 1.042960 -0.322293 5.496031 0.991914 -0.000000 5.496031 1.042960 -0.613037 5.496031 0.843773 -0.843773 5.496031 0.613037 -0.991914 5.496031 0.322292 -1.042960 5.496031 0.000000 -0.991914 5.496031 -0.322292 -1.042960 5.496031 0.000000 -0.843773 5.496031 -0.613037 -0.613037 5.496031 -0.843773 -0.322293 5.496031 -0.991914 0.000000 5.496031 -1.042961 0.322292 5.496031 -0.991914 0.000000 5.496031 -1.042961 0.613037 5.496031 -0.843773 0.843773 5.496031 -0.613037 
					</float_array>
					<technique_common>
						<accessor count="667" offset="0" source="#meshId0-positions-array" stride="3">
							<param name="X" type="float" />
							<param name="Y" type="float" />
							<param name="Z" type="float" />
						</accessor>
					</technique_common>
				</source>
				<source id="meshId0-normals" name="meshId0-normals">
					<float_array id="meshId0-normals-array" count="2001"> 
						0.000000 -1.000000 0.000000 0.000000 -1.000000 0.000000 0.000000 -1.000000 0.000000 0.000000 -1.000000 0.000000 0.000000 -1.000000 0.000000 0.000000 -1.000000 0.000000 0.000000 -1.000000 0.000000 0.000000 -1.000000 0.000000 0.000000 -1.000000 0.000000 0.000000 -1.000000 0.000000 0.000000 -1.000000 0.000000 0.000000 -1.000000 0.000000 0.000000 -1.000000 0.000000 0.000000 -1.000000 0.000000 0.000000 -1.000000 0.000000 0.000000 -1.000000 0.000000 0.000000 -1.000000 0.000000 0.000000 -1.000000 0.000000 0.000000 -1.000000 0.000000 0.000000 -1.000000 0.000000 0.000000 -1.000000 0.000000 -0.167626 0.984345 0.054464 -0.142591 0.984345 0.103598 -0.142591 0.984345 0.103598 -0.167626 0.984345 0.054464 -0.103599 0.984345 0.142591 -0.103599 0.984345 0.142591 -0.054465 0.984345 0.167626 -0.054465 0.984345 0.167626 0.000000 0.984345 0.176252 0.000000 0.984345 0.176252 0.054465 0.984345 0.167626 0.054465 0.984345 0.167626 0.103599 0.984345 0.142591 0.103599 0.984345 0.142591 0.142591 0.984345 0.103599 0.142591 0.984345 0.103599 0.167626 0.984345 0.054464 0.167626 0.984345 0.054464 0.176252 0.984345 -0.000000 0.176252 0.984345 0.000000 0.167626 0.984345 -0.054465 0.167626 0.984345 -0.054465 0.142591 0.984345 -0.103599 0.142591 0.984345 -0.103599 0.103599 0.984345 -0.142591 0.103599 0.984345 -0.142591 0.054465 0.984345 -0.167626 0.054465 0.984345 -0.167626 0.000000 0.984345 -0.176252 -0.000000 0.984345 -0.176252 -0.054465 0.984345 -0.167626 -0.054465 0.984345 -0.167626 -0.103599 0.984345 -0.142591 -0.103599 0.984345 -0.142591 -0.142591 0.984345 -0.103599 -0.142591 0.984345 -0.103599 -0.167626 0.984345 -0.054465 -0.167626 0.984345 -0.054465 -0.176252 0.984345 -0.000001 -0.176252 0.984345 -0.000001 0.949320 -0.060409 -0.308452 0.807540 -0.060410 -0.586711 0.807540 -0.060410 -0.586711 
						0.949320 -0.060409 -0.308452 0.586712 -0.060409 -0.807540 0.586712 -0.060409 -0.807540 0.308452 -0.060409 -0.949320 0.308453 -0.060409 -0.949320 -0.000000 -0.060410 -0.998174 -0.000000 -0.060410 -0.998174 -0.000000 -0.060410 -0.998174 -0.308453 -0.060409 -0.949319 -0.308453 -0.060409 -0.949319 -0.000000 -0.060410 -0.998174 -0.586711 -0.060408 -0.807540 -0.586711 -0.060408 -0.807540 -0.807540 -0.060409 -0.586711 -0.807540 -0.060409 -0.586711 -0.949320 -0.060409 -0.308452 -0.949320 -0.060409 -0.308452 -0.998174 -0.060410 -0.000000 -0.998174 -0.060410 -0.000000 -0.998174 -0.060410 -0.000000 -0.949320 -0.060408 0.308453 -0.949320 -0.060408 0.308453 -0.998174 -0.060410 -0.000000 -0.807540 -0.060407 0.586712 -0.807539 -0.060407 0.586712 -0.586712 -0.060408 0.807539 -0.586712 -0.060408 0.807539 -0.308452 -0.060409 0.949320 -0.308453 -0.060409 0.949320 0.000000 -0.060411 0.998174 0.000000 -0.060411 0.998174 0.000000 -0.060411 0.998174 0.308453 -0.060410 0.949320 0.308453 -0.060410 0.949319 0.000000 -0.060411 0.998174 0.586711 -0.060409 0.807540 0.586711 -0.060409 0.807540 0.807539 -0.060409 0.586713 0.807539 -0.060409 0.586712 0.949319 -0.060410 0.308453 0.949319 -0.060410 0.308453 0.998174 -0.060409 0.000001 0.998174 -0.060409 0.000001 0.998174 -0.060409 0.000001 0.998174 -0.060409 0.000001 0.784203 -0.565775 -0.254802 0.667083 -0.565775 -0.484664 0.480552 -0.804468 -0.349142 0.564923 -0.804468 -0.183554 0.484664 -0.565775 -0.667083 0.349142 -0.804468 -0.480552 0.254803 -0.565775 -0.784203 0.183554 -0.804468 -0.564924 0.000000 -0.565775 -0.824560 0.000000 -0.804468 -0.593996 0.000000 -0.565775 -0.824560 -0.254803 -0.565775 -0.784203 -0.183555 -0.804469 -0.564923 0.000000 -0.804468 -0.593996 -0.484664 -0.565775 -0.667082 -0.349142 -0.804469 -0.480552 -0.667083 -0.565775 -0.484664 -0.480552 -0.804468 -0.349142 -0.784203 -0.565775 -0.254803 
						-0.564923 -0.804468 -0.183555 -0.824560 -0.565775 0.000000 -0.593996 -0.804468 0.000000 -0.824560 -0.565775 0.000000 -0.784203 -0.565775 0.254803 -0.564923 -0.804468 0.183555 -0.593996 -0.804468 0.000000 -0.667083 -0.565775 0.484664 -0.480552 -0.804468 0.349142 -0.484664 -0.565775 0.667083 -0.349142 -0.804468 0.480552 -0.254803 -0.565775 0.784203 -0.183554 -0.804468 0.564924 0.000000 -0.565775 0.824560 -0.000000 -0.804468 0.593996 0.000000 -0.565775 0.824560 0.254803 -0.565775 0.784203 0.183555 -0.804468 0.564923 -0.000000 -0.804468 0.593996 0.484664 -0.565775 0.667083 0.349142 -0.804468 0.480553 0.667083 -0.565775 0.484664 0.480553 -0.804468 0.349142 0.784203 -0.565775 0.254803 0.564924 -0.804468 0.183554 0.824560 -0.565775 0.000001 0.593996 -0.804468 0.000001 0.824560 -0.565775 0.000001 0.593996 -0.804468 0.000001 0.871410 -0.400596 -0.283138 0.741266 -0.400596 -0.538561 0.804686 0.103339 -0.584639 0.945965 0.103339 -0.307362 0.538561 -0.400595 -0.741266 0.584638 0.103339 -0.804686 0.283138 -0.400596 -0.871410 0.307362 0.103339 -0.945965 0.000000 -0.400595 -0.916255 0.000000 0.103339 -0.994646 -0.283138 -0.400595 -0.871410 -0.307362 0.103339 -0.945965 -0.538561 -0.400595 -0.741266 -0.584638 0.103339 -0.804686 -0.741266 -0.400595 -0.538561 -0.804685 0.103339 -0.584639 -0.871410 -0.400595 -0.283138 -0.945965 0.103339 -0.307362 -0.916255 -0.400595 -0.000000 -0.994646 0.103339 0.000000 -0.916255 -0.400595 -0.000000 -0.871410 -0.400595 0.283138 -0.945965 0.103339 0.307363 -0.994646 0.103339 0.000000 -0.741266 -0.400595 0.538561 -0.804686 0.103339 0.584639 -0.538561 -0.400595 0.741266 -0.584638 0.103339 0.804686 -0.283138 -0.400595 0.871410 -0.307362 0.103339 0.945965 -0.000000 -0.400596 0.916255 0.000000 0.103339 0.994646 0.283138 -0.400595 0.871410 0.307363 0.103339 0.945965 0.538561 -0.400595 0.741266 
						0.584639 0.103339 0.804685 0.741266 -0.400595 0.538561 0.804686 0.103339 0.584638 0.871410 -0.400595 0.283138 0.945965 0.103339 0.307362 0.916255 -0.400596 0.000001 0.994646 0.103339 0.000001 0.916255 -0.400596 0.000001 0.994646 0.103339 0.000001 0.506332 -0.846500 -0.164517 0.532389 -0.846500 0.000001 0.532389 -0.846500 0.000001 0.506332 -0.846500 0.164517 0.430712 -0.846500 0.312930 0.312930 -0.846500 0.430712 0.164517 -0.846500 0.506332 0.000000 -0.846500 0.532389 0.000000 -0.846500 0.532389 -0.164517 -0.846500 0.506332 -0.312930 -0.846500 0.430711 -0.430711 -0.846500 0.312930 -0.506332 -0.846500 0.164517 -0.532389 -0.846500 0.000000 -0.532389 -0.846500 0.000000 -0.506332 -0.846500 -0.164517 -0.430711 -0.846500 -0.312930 -0.312930 -0.846500 -0.430711 -0.164517 -0.846500 -0.506331 0.000000 -0.846500 -0.532389 0.000000 -0.846500 -0.532389 0.164517 -0.846500 -0.506333 0.312930 -0.846500 -0.430712 0.430711 -0.846500 -0.312931 0.790864 -0.555430 -0.256967 0.672749 -0.555429 -0.488781 0.488781 -0.555429 -0.672749 0.256967 -0.555429 -0.790864 0.000000 -0.555430 -0.831563 -0.256968 -0.555430 -0.790864 -0.488781 -0.555430 -0.672749 -0.672750 -0.555430 -0.488780 -0.790864 -0.555430 -0.256966 -0.831564 -0.555430 -0.000000 -0.831564 -0.555430 -0.000000 -0.790864 -0.555430 0.256967 -0.672749 -0.555429 0.488781 -0.488781 -0.555430 0.672749 -0.256967 -0.555430 0.790864 0.000000 -0.555430 0.831563 0.256967 -0.555430 0.790864 0.488781 -0.555430 0.672749 0.672749 -0.555429 0.488781 0.790864 -0.555429 0.256968 0.831564 -0.555429 0.000001 0.831564 -0.555429 0.000001 0.951046 0.004736 -0.309013 0.809008 0.004736 -0.587779 0.714127 0.469921 -0.518842 0.839506 0.469921 -0.272770 0.587779 0.004736 -0.809008 0.518845 0.469921 -0.714125 0.309013 0.004736 -0.951046 0.272772 0.469921 -0.839506 -0.000000 0.004736 -0.999989 
						0.000000 0.469919 -0.882709 -0.309013 0.004736 -0.951046 -0.272772 0.469920 -0.839506 -0.587779 0.004736 -0.809008 -0.518844 0.469921 -0.714126 -0.809008 0.004736 -0.587779 -0.714127 0.469920 -0.518843 -0.951046 0.004736 -0.309014 -0.839506 0.469920 -0.272772 -0.999989 0.004736 0.000000 -0.882709 0.469921 -0.000000 -0.999989 0.004736 0.000000 -0.951046 0.004736 0.309014 -0.839506 0.469920 0.272773 -0.882709 0.469921 -0.000000 -0.809007 0.004736 0.587779 -0.714126 0.469920 0.518844 -0.587778 0.004736 0.809008 -0.518843 0.469920 0.714126 -0.309013 0.004736 0.951046 -0.272772 0.469921 0.839506 0.000000 0.004736 0.999989 0.000000 0.469920 0.882709 0.309014 0.004736 0.951046 0.272772 0.469920 0.839506 0.587779 0.004736 0.809008 0.518843 0.469920 0.714127 0.809008 0.004736 0.587779 0.714126 0.469919 0.518845 0.951046 0.004736 0.309013 0.839506 0.469920 0.272772 0.999989 0.004736 0.000001 0.882709 0.469920 0.000001 0.999989 0.004736 0.000001 0.882709 0.469920 0.000001 0.866145 0.413028 -0.281427 0.910719 0.413027 0.000000 0.910719 0.413027 0.000000 0.866145 0.413027 0.281427 0.736787 0.413027 0.535307 0.535307 0.413027 0.736787 0.281428 0.413027 0.866145 0.000000 0.413027 0.910719 -0.281428 0.413028 0.866145 -0.535307 0.413027 0.736787 -0.736787 0.413027 0.535307 -0.866145 0.413027 0.281427 -0.910719 0.413027 -0.000000 -0.910719 0.413027 -0.000000 -0.866145 0.413027 -0.281427 -0.736787 0.413027 -0.535307 -0.535307 0.413027 -0.736787 -0.281428 0.413028 -0.866145 -0.000000 0.413027 -0.910719 0.281427 0.413027 -0.866145 0.535307 0.413027 -0.736787 0.736787 0.413027 -0.535307 0.836345 -0.476110 -0.271745 0.711437 -0.476109 -0.516892 0.516889 -0.476109 -0.711439 0.271745 -0.476110 -0.836346 -0.000000 -0.476111 -0.879385 -0.271745 -0.476111 -0.836345 -0.516890 -0.476110 -0.711438 
						-0.711438 -0.476110 -0.516890 -0.836346 -0.476110 -0.271745 -0.879386 -0.476110 0.000000 -0.879386 -0.476110 0.000000 -0.836346 -0.476110 0.271745 -0.711438 -0.476110 0.516891 -0.516889 -0.476109 0.711439 -0.271745 -0.476109 0.836346 0.000000 -0.476110 0.879386 0.271746 -0.476111 0.836345 0.516891 -0.476110 0.711437 0.711438 -0.476110 0.516890 0.836346 -0.476110 0.271744 0.879386 -0.476110 0.000001 0.879386 -0.476110 0.000001 0.951051 0.003397 -0.309014 0.809013 0.003397 -0.587781 0.673235 0.554530 -0.489132 0.791435 0.554530 -0.257151 0.587782 0.003397 -0.809012 0.489134 0.554530 -0.673234 0.309015 0.003397 -0.951051 0.257153 0.554529 -0.791436 -0.000000 0.003396 -0.999994 0.000000 0.554529 -0.832165 -0.309015 0.003396 -0.951051 -0.257153 0.554529 -0.791436 -0.587782 0.003396 -0.809012 -0.489134 0.554530 -0.673234 -0.809013 0.003397 -0.587781 -0.673235 0.554530 -0.489133 -0.951051 0.003396 -0.309014 -0.791436 0.554529 -0.257152 -0.999994 0.003396 0.000000 -0.832165 0.554529 0.000000 -0.999994 0.003396 0.000000 -0.951051 0.003397 0.309015 -0.791435 0.554529 0.257152 -0.832165 0.554529 0.000000 -0.809013 0.003397 0.587781 -0.673236 0.554530 0.489133 -0.587783 0.003397 0.809012 -0.489135 0.554530 0.673234 -0.309015 0.003397 0.951051 -0.257153 0.554530 0.791435 0.000000 0.003397 0.999994 -0.000000 0.554529 0.832164 0.309015 0.003397 0.951051 0.257153 0.554529 0.791436 0.587781 0.003396 0.809013 0.489133 0.554528 0.673236 0.809012 0.003397 0.587782 0.673235 0.554529 0.489135 0.951051 0.003396 0.309015 0.791435 0.554529 0.257153 0.999994 0.003396 0.000001 0.832164 0.554529 0.000001 0.999994 0.003396 0.000001 0.832164 0.554529 0.000001 0.812623 -0.519547 -0.264036 0.691258 -0.519547 -0.502229 0.502228 -0.519547 -0.691258 0.264037 -0.519547 -0.812622 -0.000000 -0.519548 -0.854441 
						-0.264037 -0.519547 -0.812622 -0.502228 -0.519546 -0.691259 -0.691258 -0.519547 -0.502228 -0.812623 -0.519547 -0.264036 -0.854442 -0.519547 0.000000 -0.854442 -0.519547 0.000000 -0.812623 -0.519547 0.264037 -0.691258 -0.519547 0.502228 -0.502229 -0.519547 0.691258 -0.264037 -0.519546 0.812623 0.000000 -0.519547 0.854442 0.264037 -0.519547 0.812622 0.502228 -0.519547 0.691258 0.691258 -0.519547 0.502228 0.812623 -0.519547 0.264037 0.854442 -0.519547 0.000001 0.854442 -0.519547 0.000001 0.899446 -0.324943 -0.292247 0.765114 -0.324944 -0.555888 0.729685 0.431861 -0.530147 0.857796 0.431861 -0.278714 0.555888 -0.324943 -0.765115 0.530146 0.431861 -0.729685 0.292247 -0.324944 -0.899446 0.278714 0.431861 -0.857796 -0.000000 -0.324944 -0.945733 -0.000000 0.431861 -0.901940 -0.292248 -0.324943 -0.899446 -0.278715 0.431862 -0.857795 -0.555889 -0.324943 -0.765114 -0.530148 0.431862 -0.729684 -0.765115 -0.324943 -0.555888 -0.729685 0.431861 -0.530146 -0.899446 -0.324943 -0.292247 -0.857796 0.431861 -0.278714 -0.945734 -0.324943 -0.000000 -0.901940 0.431861 -0.000000 -0.945734 -0.324943 -0.000000 -0.899446 -0.324943 0.292247 -0.857796 0.431862 0.278714 -0.901940 0.431861 -0.000000 -0.765114 -0.324944 0.555888 -0.729685 0.431861 0.530147 -0.555888 -0.324943 0.765114 -0.530147 0.431862 0.729685 -0.292247 -0.324943 0.899446 -0.278715 0.431862 0.857796 0.000000 -0.324943 0.945734 0.000000 0.431862 0.901940 0.292248 -0.324943 0.899446 0.278715 0.431862 0.857795 0.555889 -0.324943 0.765114 0.530147 0.431862 0.729684 0.765114 -0.324943 0.555889 0.729685 0.431862 0.530147 0.899446 -0.324943 0.292248 0.857796 0.431861 0.278714 0.945734 -0.324943 0.000001 0.901940 0.431861 0.000001 0.945734 -0.324943 0.000001 0.901940 0.431861 0.000001 0.545995 -0.818790 -0.177403 0.464451 -0.818791 -0.337442 0.337443 -0.818790 -0.464451 
						0.177404 -0.818791 -0.545994 -0.000000 -0.818791 -0.574092 -0.177404 -0.818790 -0.545995 -0.337443 -0.818791 -0.464450 -0.464451 -0.818790 -0.337444 -0.545995 -0.818790 -0.177404 -0.574093 -0.818790 -0.000000 -0.574093 -0.818790 -0.000000 -0.545994 -0.818791 0.177404 -0.464451 -0.818790 0.337443 -0.337443 -0.818790 0.464450 -0.177404 -0.818790 0.545995 -0.000000 -0.818791 0.574092 0.177405 -0.818791 0.545993 0.337443 -0.818791 0.464450 0.464451 -0.818790 0.337444 0.545994 -0.818790 0.177405 0.574093 -0.818790 0.000001 0.574093 -0.818790 0.000001 0.503664 0.848258 -0.163650 0.428442 0.848258 -0.311281 0.324085 0.916257 -0.235462 0.380985 0.916257 -0.123789 0.311281 0.848258 -0.428442 0.235462 0.916257 -0.324085 0.163650 0.848258 -0.503664 0.123790 0.916257 -0.380985 -0.000000 0.848258 -0.529584 -0.000000 0.916257 -0.400591 -0.163651 0.848258 -0.503664 -0.123790 0.916257 -0.380985 -0.311282 0.848258 -0.428442 -0.235462 0.916257 -0.324085 -0.428442 0.848258 -0.311282 -0.324086 0.916257 -0.235462 -0.503664 0.848258 -0.163650 -0.380985 0.916257 -0.123790 -0.529583 0.848258 0.000000 -0.400592 0.916257 -0.000000 -0.529583 0.848258 0.000000 -0.503664 0.848258 0.163650 -0.380985 0.916257 0.123790 -0.400592 0.916257 -0.000000 -0.428442 0.848258 0.311282 -0.324085 0.916257 0.235462 -0.311281 0.848258 0.428442 -0.235462 0.916257 0.324085 -0.163650 0.848258 0.503664 -0.123790 0.916257 0.380985 0.000000 0.848258 0.529583 0.000000 0.916257 0.400591 0.163650 0.848258 0.503664 0.123790 0.916257 0.380985 0.311282 0.848258 0.428442 0.235462 0.916257 0.324086 0.428442 0.848258 0.311282 0.324086 0.916257 0.235462 0.503664 0.848258 0.163651 0.380985 0.916257 0.123790 0.529583 0.848258 0.000000 0.400592 0.916257 0.000000 0.529583 0.848258 0.000000 0.400592 0.916257 0.000000 0.924401 0.235095 -0.300355 
						0.786342 0.235095 -0.571311 0.786342 0.235095 -0.571311 0.924401 0.235095 -0.300355 0.571311 0.235095 -0.786342 0.571311 0.235095 -0.786342 0.300356 0.235094 -0.924401 0.300356 0.235094 -0.924401 -0.000000 0.235094 -0.971973 -0.000000 0.235094 -0.971973 -0.300357 0.235094 -0.924401 -0.300357 0.235094 -0.924401 -0.571311 0.235095 -0.786342 -0.571311 0.235095 -0.786342 -0.786342 0.235095 -0.571311 -0.786342 0.235095 -0.571311 -0.924401 0.235094 -0.300356 -0.924401 0.235094 -0.300356 -0.971973 0.235094 -0.000000 -0.971973 0.235094 0.000000 -0.971973 0.235094 -0.000000 -0.924401 0.235094 0.300356 -0.924401 0.235094 0.300356 -0.971973 0.235094 0.000000 -0.786342 0.235094 0.571311 -0.786342 0.235094 0.571311 -0.571311 0.235094 0.786342 -0.571311 0.235094 0.786342 -0.300356 0.235094 0.924401 -0.300356 0.235094 0.924401 0.000000 0.235094 0.971973 0.000000 0.235094 0.971973 0.300356 0.235094 0.924401 0.300356 0.235094 0.924401 0.571311 0.235095 0.786342 0.571311 0.235095 0.786342 0.786342 0.235095 0.571311 0.786342 0.235095 0.571311 0.924401 0.235094 0.300356 0.924401 0.235094 0.300356 0.971973 0.235094 0.000001 0.971973 0.235094 0.000001 0.971973 0.235094 0.000001 0.971973 0.235094 0.000001 0.992046 -0.125875 0.000001 0.943492 -0.125875 -0.306558 0.950518 0.033645 -0.308841 0.999434 0.033645 0.000001 0.943492 -0.125874 0.306559 0.992046 -0.125875 0.000001 0.999434 0.033645 0.000001 0.950518 0.033645 0.308842 0.802582 -0.125875 0.583110 0.808559 0.033645 0.587452 0.583110 -0.125875 0.802582 0.587452 0.033645 0.808559 0.306559 -0.125874 0.943492 0.308842 0.033645 0.950518 0.000000 -0.125874 0.992046 0.000000 0.033645 0.999434 -0.306559 -0.125874 0.943492 -0.308842 0.033645 0.950518 -0.583110 -0.125875 0.802582 -0.587452 0.033645 0.808559 -0.802582 -0.125875 0.583110 
						-0.808559 0.033645 0.587452 -0.943492 -0.125875 0.306559 -0.950518 0.033645 0.308842 -0.992046 -0.125874 0.000000 -0.999434 0.033645 0.000000 -0.943492 -0.125874 -0.306559 -0.992046 -0.125874 0.000000 -0.999434 0.033645 0.000000 -0.950518 0.033645 -0.308842 -0.802582 -0.125874 -0.583110 -0.808559 0.033645 -0.587452 -0.583110 -0.125874 -0.802582 -0.587453 0.033645 -0.808559 -0.306559 -0.125874 -0.943492 -0.308842 0.033645 -0.950518 0.000000 -0.125874 -0.992046 0.000000 0.033645 -0.999434 0.306559 -0.125874 -0.943492 0.308842 0.033645 -0.950518 0.583110 -0.125875 -0.802582 0.587452 0.033645 -0.808559 0.802582 -0.125875 -0.583110 0.808559 0.033645 -0.587453 0.590206 0.784144 -0.191769 0.502059 0.784144 -0.364768 0.364768 0.784144 -0.502060 0.191770 0.784144 -0.590206 0.000000 0.784144 -0.620579 -0.191770 0.784143 -0.590206 -0.364768 0.784143 -0.502059 -0.502059 0.784143 -0.364768 -0.590206 0.784144 -0.191770 -0.620579 0.784144 0.000000 -0.620579 0.784144 0.000000 -0.590206 0.784144 0.191770 -0.502059 0.784143 0.364768 -0.364767 0.784144 0.502059 -0.191770 0.784144 0.590206 0.000000 0.784144 0.620579 0.191770 0.784144 0.590206 0.364768 0.784143 0.502059 0.502059 0.784143 0.364768 0.590206 0.784144 0.191770 0.620579 0.784144 0.000001 0.620579 0.784144 0.000001 0.949173 0.062918 -0.308404 0.998019 0.062918 0.000001 0.998019 0.062918 0.000001 0.949172 0.062918 0.308405 0.807414 0.062918 0.586621 0.586621 0.062918 0.807414 0.308405 0.062918 0.949172 0.000000 0.062918 0.998019 -0.308404 0.062918 0.949172 -0.586621 0.062918 0.807414 -0.807414 0.062918 0.586621 -0.949172 0.062918 0.308405 -0.998019 0.062918 0.000000 -0.998019 0.062918 0.000000 -0.949172 0.062918 -0.308404 -0.807414 0.062918 -0.586621 -0.586621 0.062918 -0.807414 -0.308405 0.062918 -0.949172 0.000000 0.062918 -0.998019 
						0.308404 0.062918 -0.949172 0.586621 0.062918 -0.807414 0.807414 0.062918 -0.586621 0.934286 -0.356523 0.000001 0.888559 -0.356524 -0.288709 0.888559 -0.356523 0.288710 0.934286 -0.356523 0.000001 0.755853 -0.356524 0.549160 0.549160 -0.356523 0.755854 0.288710 -0.356523 0.888559 0.000000 -0.356524 0.934286 -0.288710 -0.356523 0.888559 0.000000 -0.356524 0.934286 -0.549160 -0.356524 0.755853 -0.755854 -0.356524 0.549160 -0.888559 -0.356524 0.288710 -0.934286 -0.356524 0.000000 -0.888559 -0.356524 -0.288710 -0.934286 -0.356524 0.000000 -0.755854 -0.356524 -0.549160 -0.549160 -0.356524 -0.755853 -0.288710 -0.356524 -0.888559 -0.000000 -0.356523 -0.934286 0.288710 -0.356524 -0.888559 -0.000000 -0.356523 -0.934286 0.549159 -0.356523 -0.755854 0.755853 -0.356524 -0.549160 
					</float_array>
					<technique_common>
						<accessor count="667" offset="0" source="#meshId0-normals-array" stride="3">
							<param name="X" type="float" />
							<param name="Y" type="float" />
							<param name="Z" type="float" />
						</accessor>
					</technique_common>
				</source>
				<source id="meshId0-tangents" name="meshId0-tangents">
					<float_array id="meshId0-tangents-array" count="2001"> 
						1.000000 0.000000 0.000000 1.000000 0.000000 0.000000 1.000000 -0.000000 -0.000000 1.000000 0.000000 0.000000 1.000000 -0.000000 -0.000000 1.000000 -0.000000 -0.000000 1.000000 0.000000 0.000000 1.000000 0.000000 0.000000 1.000000 0.000000 -0.000000 1.000000 0.000000 -0.000000 1.000000 0.000000 -0.000000 1.000000 0.000000 -0.000000 1.000000 0.000000 -0.000000 1.000000 0.000000 0.000000 1.000000 -0.000000 -0.000000 1.000000 -0.000000 -0.000000 1.000000 0.000000 0.000000 1.000000 0.000000 -0.000000 1.000000 0.000000 0.000000 1.000000 0.000000 0.000000 1.000000 0.000000 0.000000 0.944765 0.327749 0.000002 0.959111 0.283032 0.000007 0.959112 0.283028 0.000023 0.944765 0.327748 0.000004 0.977780 0.209635 0.000012 0.977782 0.209626 0.000043 0.994170 0.106748 0.015169 0.993850 0.110667 0.003878 0.999892 -0.005081 0.013795 1.000000 -0.000000 0.000001 0.993469 -0.113961 0.005650 0.993471 -0.113947 0.005611 0.977075 -0.212633 0.010559 0.977078 -0.212621 0.010514 0.958174 -0.285834 0.014216 0.958175 -0.285829 0.014190 0.944497 -0.328448 0.006957 0.944709 -0.327907 0.001560 0.939392 -0.342656 -0.011389 0.939190 -0.342582 -0.023663 0.943486 -0.330340 -0.026662 0.943045 -0.330970 -0.033547 0.956964 -0.288731 -0.029246 0.956966 -0.288725 -0.029213 0.976193 -0.215803 -0.021831 0.976198 -0.215786 -0.021772 0.993173 -0.116056 -0.011726 0.993176 -0.116038 -0.011675 0.999365 -0.012310 -0.033423 0.999908 -0.004686 -0.012722 0.994335 0.103276 -0.025134 0.993709 0.111995 -0.000041 0.977780 0.209635 -0.000011 0.977782 0.209625 -0.000046 0.959110 0.283032 -0.000005 0.959111 0.283028 -0.000023 0.944765 0.327749 -0.000002 0.944765 0.327748 -0.000004 0.939453 0.342678 -0.000000 0.939453 0.342678 0.000000 -0.311728 0.000004 -0.950172 -0.591503 0.000006 -0.806303 -0.591503 0.000008 -0.806303 
						-0.311727 0.000005 -0.950172 -0.811707 0.000006 -0.584065 -0.811707 0.000008 -0.584065 -0.951927 0.000004 -0.306324 -0.951927 0.000005 -0.306324 -0.999955 0.009476 -0.000279 -0.999955 0.009476 -0.000279 -0.999955 -0.009476 0.000279 -0.951927 -0.000004 0.306325 -0.951927 -0.000005 0.306325 -0.999955 -0.009476 0.000279 -0.811707 -0.000006 0.584065 -0.811707 -0.000008 0.584065 -0.591503 -0.000006 0.806303 -0.591503 -0.000008 0.806303 -0.311728 -0.000004 0.950172 -0.311728 -0.000005 0.950171 -0.000287 0.009661 0.999953 -0.000287 0.009661 0.999953 0.000287 -0.009661 0.999953 0.311728 0.000004 0.950171 0.311729 0.000005 0.950171 0.000287 -0.009661 0.999953 0.591504 0.000006 0.806302 0.591504 0.000008 0.806302 0.811706 0.000006 0.584066 0.811706 0.000008 0.584066 0.951927 0.000004 0.306324 0.951927 0.000005 0.306324 0.999955 0.009476 0.000279 0.999955 0.009476 0.000279 0.999955 -0.009476 -0.000279 0.951927 -0.000004 -0.306324 0.951927 -0.000005 -0.306325 0.999955 -0.009476 -0.000279 0.811707 -0.000006 -0.584065 0.811707 -0.000008 -0.584065 0.591505 -0.000006 -0.806302 0.591504 -0.000008 -0.806302 0.311729 -0.000004 -0.950171 0.311729 -0.000005 -0.950171 0.000288 0.009661 -0.999953 0.000288 0.009661 -0.999953 -0.000286 -0.009661 -0.999953 -0.000286 -0.009661 -0.999953 -0.311724 0.000012 -0.950173 -0.591499 0.000020 -0.806306 -0.591474 0.000057 -0.806324 -0.311705 0.000035 -0.950179 -0.811703 0.000020 -0.584071 -0.811685 0.000057 -0.584096 -0.951926 0.000012 -0.306328 -0.951920 0.000035 -0.306345 -0.995765 0.087212 -0.029092 -0.991082 0.111298 -0.073281 -0.995765 -0.087212 0.029092 -0.951926 -0.000012 0.306328 -0.951920 -0.000035 0.306346 -0.991082 -0.111298 0.073281 -0.811702 -0.000020 0.584071 -0.811684 -0.000056 0.584096 -0.591498 -0.000020 0.806306 -0.591473 -0.000057 0.806325 -0.311724 -0.000013 0.950173 
						-0.311706 -0.000036 0.950179 -0.029889 0.088740 0.995606 -0.075070 0.112918 0.990764 0.029890 -0.088740 0.995606 0.311724 0.000013 0.950173 0.311706 0.000036 0.950179 0.075070 -0.112918 0.990764 0.591498 0.000020 0.806306 0.591473 0.000057 0.806325 0.811703 0.000020 0.584071 0.811685 0.000056 0.584096 0.951926 0.000012 0.306328 0.951920 0.000035 0.306345 0.995765 0.087213 0.029092 0.991081 0.111299 0.073282 0.995765 -0.087213 -0.029092 0.951926 -0.000012 -0.306328 0.951920 -0.000035 -0.306346 0.991081 -0.111299 -0.073282 0.811703 -0.000020 -0.584071 0.811685 -0.000057 -0.584096 0.591499 -0.000020 -0.806306 0.591473 -0.000057 -0.806325 0.311724 -0.000013 -0.950173 0.311706 -0.000036 -0.950179 0.029890 0.088740 -0.995606 0.075070 0.112917 -0.990764 -0.029888 -0.088740 -0.995606 -0.075068 -0.112917 -0.990765 -0.311719 0.000042 -0.950174 -0.591492 0.000068 -0.806311 -0.591503 -0.000024 -0.806303 -0.311727 -0.000015 -0.950172 -0.811698 0.000068 -0.584077 -0.811706 -0.000024 -0.584066 -0.951925 0.000042 -0.306332 -0.951927 -0.000015 -0.306325 -1.000000 -0.000000 -0.000000 -1.000000 -0.000000 -0.000000 -0.951925 -0.000042 0.306332 -0.951927 0.000015 0.306325 -0.811698 -0.000068 0.584077 -0.811706 0.000024 0.584066 -0.591492 -0.000068 0.806311 -0.591503 0.000024 0.806303 -0.311719 -0.000042 0.950174 -0.311728 0.000015 0.950172 -0.013690 0.063786 0.997870 -0.000843 -0.016525 0.999863 0.013690 -0.063786 0.997870 0.311720 0.000042 0.950174 0.311728 -0.000015 0.950172 0.000843 0.016525 0.999863 0.591492 0.000068 0.806311 0.591503 -0.000024 0.806303 0.811698 0.000068 0.584077 0.811706 -0.000024 0.584066 0.951925 0.000042 0.306332 0.951927 -0.000015 0.306325 1.000000 -0.000000 0.000000 1.000000 0.000000 -0.000000 0.951925 -0.000042 -0.306333 0.951927 0.000015 -0.306325 0.811698 -0.000068 -0.584077 
						0.811706 0.000024 -0.584067 0.591492 -0.000068 -0.806311 0.591503 0.000024 -0.806303 0.311720 -0.000043 -0.950174 0.311727 0.000015 -0.950172 0.013690 0.063785 -0.997870 0.000843 -0.016525 -0.999863 -0.013689 -0.063785 -0.997870 -0.000842 0.016525 -0.999863 -0.311571 0.000211 -0.950223 -0.087655 -0.112308 -0.989800 0.087658 0.112308 -0.989800 0.311571 -0.000211 -0.950223 0.591290 -0.000340 -0.806459 0.811553 -0.000338 -0.584278 0.951878 -0.000208 -0.306477 0.990148 -0.110787 -0.085638 0.990148 0.110787 0.085638 0.951878 0.000208 0.306477 0.811553 0.000338 0.584278 0.591290 0.000341 0.806459 0.311572 0.000211 0.950222 0.087657 -0.112308 0.989799 -0.087657 0.112309 0.989799 -0.311571 -0.000211 0.950223 -0.591290 -0.000340 0.806459 -0.811553 -0.000338 0.584279 -0.951878 -0.000208 0.306477 -0.990148 -0.110786 0.085637 -0.990148 0.110787 -0.085637 -0.951878 0.000208 -0.306477 -0.811553 0.000339 -0.584278 -0.591291 0.000341 -0.806458 -0.311735 -0.000023 -0.950169 -0.591514 -0.000038 -0.806295 -0.811714 -0.000037 -0.584055 -0.951930 -0.000023 -0.306316 -1.000000 -0.000000 -0.000000 -0.951929 0.000023 0.306317 -0.811713 0.000038 0.584056 -0.591513 0.000038 0.806296 -0.311735 0.000024 0.950169 -0.028610 0.087257 0.995775 0.028610 -0.087257 0.995775 0.311735 -0.000024 0.950169 0.591514 -0.000038 0.806295 0.811714 -0.000038 0.584055 0.951930 -0.000023 0.306317 1.000000 -0.000000 -0.000000 0.951930 0.000023 -0.306317 0.811714 0.000037 -0.584055 0.591514 0.000037 -0.806295 0.311736 0.000023 -0.950169 0.028610 0.087256 -0.995775 -0.028608 -0.087256 -0.995775 -0.311728 -0.000001 -0.950172 -0.591504 -0.000001 -0.806302 -0.591506 0.000019 -0.806300 -0.311730 0.000011 -0.950171 -0.811706 -0.000001 -0.584066 -0.811708 0.000019 -0.584063 -0.951927 -0.000001 -0.306324 -0.951928 0.000011 -0.306321 -1.000000 -0.000000 0.000000 
						-1.000000 -0.000000 -0.000000 -0.951927 0.000001 0.306324 -0.951928 -0.000010 0.306321 -0.811706 0.000001 0.584066 -0.811709 -0.000018 0.584062 -0.591504 0.000001 0.806302 -0.591507 -0.000017 0.806300 -0.311729 0.000001 0.950171 -0.311731 -0.000010 0.950170 -0.000002 -0.000757 1.000000 -0.019473 -0.074517 0.997030 0.000002 0.000757 1.000000 0.311729 -0.000001 0.950171 0.311732 0.000010 0.950170 0.019473 0.074517 0.997030 0.591504 -0.000001 0.806302 0.591508 0.000017 0.806299 0.811707 -0.000001 0.584065 0.811709 0.000017 0.584062 0.951927 -0.000001 0.306324 0.951928 0.000011 0.306322 1.000000 -0.000000 -0.000000 1.000000 -0.000000 -0.000000 0.951927 0.000001 -0.306324 0.951928 -0.000011 -0.306321 0.811707 0.000001 -0.584065 0.811710 -0.000017 -0.584061 0.591504 0.000001 -0.806302 0.591509 -0.000017 -0.806299 0.311728 0.000001 -0.950171 0.311731 -0.000011 -0.950170 0.000003 -0.000757 -1.000000 0.019474 -0.074516 -0.997030 -0.000001 0.000757 -1.000000 -0.019472 0.074516 -0.997030 -0.311729 0.000004 -0.950171 -0.014632 0.065727 -0.997730 0.014633 -0.065727 -0.997730 0.311729 -0.000005 -0.950171 0.591505 -0.000007 -0.806301 0.811707 -0.000007 -0.584065 0.951928 -0.000004 -0.306323 1.000000 0.000000 -0.000000 0.951928 0.000005 0.306323 0.811708 0.000007 0.584064 0.591505 0.000007 0.806301 0.311729 0.000004 0.950171 0.014632 0.065727 0.997730 -0.014632 -0.065727 0.997730 -0.311729 -0.000004 0.950171 -0.591505 -0.000007 0.806301 -0.811707 -0.000007 0.584064 -0.951927 -0.000004 0.306323 -1.000000 -0.000000 0.000000 -0.951928 0.000004 -0.306323 -0.811708 0.000007 -0.584064 -0.591505 0.000007 -0.806301 -0.311731 -0.000011 -0.950170 -0.591509 -0.000018 -0.806298 -0.811710 -0.000018 -0.584060 -0.951928 -0.000011 -0.306321 -1.000000 0.000000 0.000000 -0.951928 0.000012 0.306321 -0.811709 0.000019 0.584061 
						-0.591508 0.000019 0.806299 -0.311731 0.000012 0.950170 -0.020055 0.075462 0.996947 0.020056 -0.075461 0.996947 0.311731 -0.000011 0.950170 0.591508 -0.000018 0.806299 0.811710 -0.000018 0.584060 0.951928 -0.000011 0.306321 1.000000 0.000000 -0.000000 0.951928 0.000012 -0.306322 0.811709 0.000019 -0.584062 0.591507 0.000019 -0.806299 0.311730 0.000012 -0.950171 0.020056 0.075461 -0.996947 -0.020054 -0.075461 -0.996947 -0.311727 -0.000001 -0.950172 -0.591503 -0.000001 -0.806302 -0.591513 0.000039 -0.806296 -0.311734 0.000024 -0.950169 -0.811706 -0.000001 -0.584066 -0.811713 0.000038 -0.584056 -0.951927 -0.000001 -0.306324 -0.951930 0.000023 -0.306317 -1.000000 -0.000000 0.000000 -1.000000 0.000000 -0.000000 -0.951927 0.000001 0.306324 -0.951930 -0.000023 0.306317 -0.811707 0.000001 0.584065 -0.811713 -0.000038 0.584056 -0.591503 0.000001 0.806303 -0.591513 -0.000038 0.806296 -0.311728 0.000001 0.950172 -0.311735 -0.000024 0.950169 -0.000000 -0.000543 1.000000 -0.028500 -0.087128 0.995789 0.000001 0.000543 1.000000 0.311728 -0.000001 0.950171 0.311735 0.000023 0.950169 0.028501 0.087127 0.995789 0.591503 -0.000001 0.806303 0.591513 0.000038 0.806296 0.811706 -0.000001 0.584066 0.811713 0.000038 0.584057 0.951927 -0.000001 0.306324 0.951930 0.000023 0.306317 1.000000 0.000000 -0.000000 1.000000 0.000000 0.000000 0.951927 0.000001 -0.306324 0.951930 -0.000023 -0.306317 0.811707 0.000001 -0.584065 0.811714 -0.000037 -0.584055 0.591504 0.000001 -0.806302 0.591514 -0.000037 -0.806294 0.311728 0.000001 -0.950171 0.311735 -0.000023 -0.950169 0.000002 -0.000543 -1.000000 0.028501 -0.087126 -0.995789 0.000000 0.000543 -1.000000 -0.028498 0.087127 -0.995790 -0.311733 -0.000018 -0.950170 -0.591511 -0.000028 -0.806297 -0.811712 -0.000028 -0.584058 -0.951929 -0.000018 -0.306319 -1.000000 0.000000 0.000000 
						-0.951929 0.000018 0.306319 -0.811712 0.000028 0.584058 -0.591510 0.000029 0.806297 -0.311733 0.000018 0.950170 -0.024476 0.082002 0.996332 0.024476 -0.082002 0.996332 0.311733 -0.000018 0.950170 0.591510 -0.000029 0.806297 0.811711 -0.000029 0.584059 0.951929 -0.000017 0.306319 1.000000 0.000000 -0.000000 0.951929 0.000018 -0.306319 0.811712 0.000028 -0.584058 0.591510 0.000029 -0.806297 0.311733 0.000018 -0.950170 0.024477 0.082001 -0.996332 -0.024475 -0.082001 -0.996332 -0.311715 0.000080 -0.950176 -0.591486 0.000128 -0.806315 -0.591506 0.000010 -0.806300 -0.311729 0.000006 -0.950171 -0.811695 0.000128 -0.584082 -0.811708 0.000010 -0.584063 -0.951923 0.000078 -0.306336 -0.951928 0.000006 -0.306322 -1.000000 0.000000 0.000000 -1.000000 -0.000000 0.000000 -0.951923 -0.000078 0.306337 -0.951928 -0.000007 0.306323 -0.811694 -0.000127 0.584083 -0.811707 -0.000011 0.584064 -0.591486 -0.000128 0.806315 -0.591505 -0.000011 0.806301 -0.311715 -0.000080 0.950176 -0.311729 -0.000007 0.950171 -0.008748 0.051866 0.998616 -0.016137 -0.068656 0.997510 0.008748 -0.051866 0.998616 0.311715 0.000080 0.950176 0.311729 0.000007 0.950171 0.016137 0.068656 0.997510 0.591486 0.000128 0.806315 0.591505 0.000010 0.806301 0.811694 0.000127 0.584083 0.811708 0.000010 0.584063 0.951923 0.000078 0.306336 0.951928 0.000006 0.306322 1.000000 0.000000 -0.000000 1.000000 -0.000000 -0.000000 0.951923 -0.000078 -0.306337 0.951928 -0.000007 -0.306323 0.811694 -0.000127 -0.584083 0.811708 -0.000011 -0.584064 0.591487 -0.000129 -0.806315 0.591506 -0.000010 -0.806301 0.311716 -0.000080 -0.950175 0.311729 -0.000006 -0.950171 0.008749 0.051865 -0.998616 0.016138 -0.068655 -0.997510 -0.008747 -0.051865 -0.998616 -0.016136 0.068655 -0.997510 -0.311781 -0.000082 -0.950154 -0.591578 -0.000133 -0.806248 -0.811760 -0.000131 -0.583991 
						-0.951945 -0.000081 -0.306270 -1.000000 -0.000000 0.000000 -0.951945 0.000081 0.306270 -0.811760 0.000132 0.583992 -0.591578 0.000131 0.806248 -0.311783 0.000082 0.950153 -0.079138 0.113036 0.990434 0.079138 -0.113036 0.990434 0.311782 -0.000082 0.950154 0.591578 -0.000132 0.806248 0.811760 -0.000132 0.583991 0.951945 -0.000081 0.306270 1.000000 -0.000000 -0.000000 0.951944 0.000082 -0.306271 0.811760 0.000132 -0.583991 0.591579 0.000131 -0.806247 0.311783 0.000081 -0.950153 0.079138 0.113035 -0.990434 -0.079136 -0.113035 -0.990434 -0.311675 -0.000070 -0.950189 -0.591432 -0.000113 -0.806355 -0.591643 0.000155 -0.806200 -0.311830 0.000096 -0.950138 -0.811655 -0.000112 -0.584137 -0.811807 0.000154 -0.583926 -0.951911 -0.000069 -0.306376 -0.951960 0.000095 -0.306223 -1.000000 0.000000 0.000000 -1.000000 0.000000 0.000000 -0.951911 0.000069 0.306376 -0.951960 -0.000095 0.306224 -0.811655 0.000112 0.584137 -0.811807 -0.000154 0.583926 -0.591432 0.000113 0.806355 -0.591643 -0.000155 0.806200 -0.311677 0.000070 0.950188 -0.311830 -0.000096 0.950138 -0.088229 -0.112213 0.989760 -0.113758 -0.101319 0.988329 0.088230 0.112213 0.989759 0.311676 -0.000070 0.950188 0.311830 0.000095 0.950138 0.113759 0.101320 0.988328 0.591433 -0.000113 0.806355 0.591643 0.000154 0.806200 0.811655 -0.000112 0.584137 0.811807 0.000154 0.583926 0.951911 -0.000069 0.306375 0.951960 0.000095 0.306223 1.000000 0.000000 -0.000000 1.000000 -0.000000 -0.000000 0.951911 0.000069 -0.306376 0.951960 -0.000095 -0.306223 0.811655 0.000112 -0.584137 0.811807 -0.000154 -0.583926 0.591433 0.000113 -0.806355 0.591643 -0.000155 -0.806200 0.311676 0.000070 -0.950188 0.311831 -0.000096 -0.950138 0.088229 -0.112212 -0.989760 0.113759 -0.101319 -0.988328 -0.088228 0.112212 -0.989760 -0.113758 0.101319 -0.988329 -0.311725 -0.000028 -0.950172 
						-0.591500 -0.000045 -0.806305 -0.591503 -0.000010 -0.806303 -0.311727 -0.000006 -0.950172 -0.811704 -0.000045 -0.584070 -0.811706 -0.000010 -0.584066 -0.951926 -0.000028 -0.306327 -0.951927 -0.000006 -0.306325 -1.000000 0.000000 0.000000 -1.000000 -0.000000 0.000000 -0.951926 0.000028 0.306328 -0.951927 0.000006 0.306325 -0.811703 0.000045 0.584070 -0.811706 0.000010 0.584067 -0.591500 0.000045 0.806305 -0.591503 0.000010 0.806303 -0.311726 0.000028 0.950172 -0.311728 0.000006 0.950171 -0.004461 -0.037575 0.999284 -0.004461 -0.037575 0.999284 0.004461 0.037575 0.999284 0.311726 -0.000028 0.950172 0.311728 -0.000006 0.950171 0.004461 0.037575 0.999284 0.591500 -0.000045 0.806305 0.591503 -0.000010 0.806303 0.811703 -0.000045 0.584070 0.811706 -0.000010 0.584066 0.951926 -0.000028 0.306327 0.951927 -0.000006 0.306325 1.000000 0.000000 -0.000000 1.000000 0.000000 -0.000000 0.951926 0.000028 -0.306328 0.951927 0.000006 -0.306325 0.811703 0.000045 -0.584070 0.811706 0.000010 -0.584066 0.591500 0.000045 -0.806305 0.591503 0.000010 -0.806303 0.311726 0.000028 -0.950172 0.311728 0.000006 -0.950171 0.004462 -0.037574 -0.999284 0.004462 -0.037574 -0.999284 -0.004460 0.037574 -0.999284 -0.004460 0.037574 -0.999284 -0.001253 -0.020128 -0.999797 -0.311727 0.000006 -0.950172 -0.311727 -0.000003 -0.950172 -0.000088 0.005380 -0.999986 0.311728 -0.000006 -0.950171 0.001255 0.020128 -0.999797 0.000090 -0.005380 -0.999986 0.311728 0.000003 -0.950171 0.591503 -0.000010 -0.806303 0.591504 0.000005 -0.806302 0.811706 -0.000010 -0.584066 0.811707 0.000005 -0.584065 0.951927 -0.000006 -0.306324 0.951927 0.000003 -0.306324 1.000000 0.000000 -0.000000 1.000000 0.000000 -0.000000 0.951927 0.000006 0.306324 0.951927 -0.000003 0.306324 0.811706 0.000009 0.584066 0.811707 -0.000005 0.584065 0.591503 0.000010 0.806303 
						0.591504 -0.000005 0.806302 0.311728 0.000006 0.950171 0.311728 -0.000003 0.950171 0.001254 -0.020129 0.999797 0.000089 0.005380 0.999986 -0.311728 -0.000006 0.950171 -0.001254 0.020129 0.999797 -0.000089 -0.005380 0.999986 -0.311728 0.000003 0.950171 -0.591503 -0.000010 0.806303 -0.591504 0.000005 0.806302 -0.811706 -0.000010 0.584066 -0.811706 0.000005 0.584066 -0.951927 -0.000006 0.306325 -0.951927 0.000003 0.306324 -1.000000 0.000000 -0.000000 -1.000000 -0.000000 -0.000000 -0.951927 0.000006 -0.306324 -0.951927 -0.000003 -0.306324 -0.811706 0.000009 -0.584066 -0.811707 -0.000005 -0.584065 -0.591503 0.000010 -0.806302 -0.591504 -0.000005 -0.806302 -0.311615 -0.000192 -0.950208 -0.591350 -0.000310 -0.806415 -0.811596 -0.000308 -0.584219 -0.951891 -0.000189 -0.306435 -1.000000 0.000000 0.000000 -0.951891 0.000189 0.306435 -0.811596 0.000308 0.584220 -0.591350 0.000309 0.806415 -0.311616 0.000192 0.950208 -0.069652 -0.112294 0.991231 0.069652 0.112294 0.991231 0.311616 -0.000192 0.950208 0.591350 -0.000310 0.806415 0.811596 -0.000308 0.584219 0.951892 -0.000189 0.306435 1.000000 0.000000 -0.000000 0.951891 0.000189 -0.306435 0.811596 0.000307 -0.584219 0.591350 0.000309 -0.806415 0.311616 0.000192 -0.950208 0.069652 -0.112292 -0.991231 -0.069650 0.112293 -0.991231 -0.311727 -0.000004 -0.950172 -0.000310 0.010062 -0.999949 0.000312 -0.010062 -0.999949 0.311728 0.000004 -0.950171 0.591504 0.000006 -0.806302 0.811707 0.000006 -0.584065 0.951927 0.000004 -0.306324 1.000000 0.000000 -0.000000 0.951927 -0.000004 0.306324 0.811707 -0.000006 0.584065 0.591503 -0.000006 0.806302 0.311728 -0.000004 0.950171 0.000311 0.010062 0.999949 -0.000311 -0.010062 0.999949 -0.311728 0.000004 0.950171 -0.591503 0.000006 0.806302 -0.811706 0.000006 0.584066 -0.951927 0.000004 0.306324 -1.000000 -0.000000 0.000000 
						-0.951927 -0.000004 -0.306324 -0.811707 -0.000006 -0.584065 -0.591504 -0.000006 -0.806302 -0.010650 -0.056859 -0.998325 -0.311728 0.000000 -0.950171 0.311728 -0.000001 -0.950171 0.010652 0.056859 -0.998325 0.591504 -0.000001 -0.806302 0.811707 -0.000001 -0.584065 0.951927 -0.000000 -0.306324 0.998388 -0.055810 -0.010354 0.951927 0.000000 0.306324 0.998388 0.055810 0.010354 0.811706 0.000000 0.584066 0.591504 0.000001 0.806302 0.311728 0.000001 0.950171 0.010651 -0.056860 0.998325 -0.311728 -0.000000 0.950171 -0.010651 0.056860 0.998325 -0.591504 -0.000001 0.806302 -0.811706 -0.000000 0.584066 -0.951927 -0.000000 0.306324 -0.998388 -0.055810 0.010354 -0.951927 0.000000 -0.306324 -0.998388 0.055810 -0.010354 -0.811707 0.000001 -0.584065 -0.591504 0.000001 -0.806302 
					</float_array>
					<technique_common>
						<accessor count="667" offset="0" source="#meshId0-tangents-array" stride="3">
							<param name="X" type="float" />
							<param name="Y" type="float" />
							<param name="Z" type="float" />
						</accessor>
					</technique_common>
				</source>
				<source id="meshId0-bitangents" name="meshId0-bitangents">
					<float_array id="meshId0-bitangents-array" count="2001"> 
						0.000000 0.000000 -1.000000 0.000000 0.000000 -1.000000 -0.000000 -0.000000 -1.000000 0.000000 0.000000 -1.000000 -0.000000 -0.000000 -1.000000 -0.000000 -0.000000 -1.000000 0.000000 0.000000 -1.000000 0.000000 0.000000 -1.000000 -0.000000 -0.000000 -1.000000 -0.000000 -0.000000 -1.000000 -0.000000 -0.000000 -1.000000 -0.000000 -0.000000 -1.000000 -0.000000 -0.000000 -1.000000 0.000000 0.000000 -1.000000 -0.000000 -0.000000 -1.000000 -0.000000 -0.000000 -1.000000 0.000000 0.000000 -1.000000 -0.000000 -0.000000 -1.000000 0.000000 0.000000 -1.000000 0.000000 0.000000 -1.000000 0.000000 0.000000 -1.000000 -0.018191 0.106830 -0.994111 -0.029427 0.203189 -0.978697 -0.029410 0.203194 -0.978697 -0.018188 0.106831 -0.994111 -0.029419 0.279638 -0.959655 -0.029387 0.279644 -0.959654 -0.002868 0.330297 -0.943873 -0.014270 0.329120 -0.944180 0.013932 0.345577 -0.938287 0.000001 0.345611 -0.938378 0.023898 0.328091 -0.944344 0.023858 0.328095 -0.944343 0.040110 0.277421 -0.959911 0.040065 0.277430 -0.959910 0.043809 0.199015 -0.979017 0.043783 0.199022 -0.979016 0.025217 0.104405 -0.994215 0.019767 0.106287 -0.994139 -0.011491 0.004191 -0.999925 -0.023872 0.008708 -0.999677 -0.045126 -0.097500 -0.994212 -0.052086 -0.095073 -0.994107 -0.059027 -0.194547 -0.979115 -0.058994 -0.194557 -0.979116 -0.051523 -0.275019 -0.960057 -0.051463 -0.275031 -0.960057 -0.030040 -0.327420 -0.944401 -0.029988 -0.327426 -0.944401 -0.033758 -0.345414 -0.937843 -0.012849 -0.345582 -0.938300 -0.007189 -0.331299 -0.943499 0.018147 -0.328708 -0.944257 0.029419 -0.279637 -0.959655 0.029384 -0.279644 -0.959654 0.029428 -0.203190 -0.978697 0.029411 -0.203195 -0.978696 0.018191 -0.106832 -0.994111 0.018188 -0.106833 -0.994111 -0.000000 -0.000001 -1.000000 0.000000 -0.000001 -1.000000 0.028216 0.999560 -0.009166 0.023945 0.999562 -0.017394 0.023946 0.999562 -0.017393 
						0.028216 0.999560 -0.009165 0.017346 0.999565 -0.023870 0.017347 0.999565 -0.023869 0.009098 0.999567 -0.027995 0.009099 0.999567 -0.027995 0.004658 0.999557 -0.029409 0.004658 0.999557 -0.029409 -0.004658 0.999557 -0.029409 -0.009098 0.999567 -0.027995 -0.009099 0.999567 -0.027995 -0.004658 0.999557 -0.029409 -0.017346 0.999565 -0.023870 -0.017347 0.999565 -0.023869 -0.023945 0.999562 -0.017393 -0.023946 0.999562 -0.017393 -0.028216 0.999560 -0.009166 -0.028216 0.999560 -0.009165 -0.029695 0.999548 -0.004703 -0.029695 0.999548 -0.004703 -0.029695 0.999548 0.004703 -0.028216 0.999560 0.009166 -0.028216 0.999560 0.009165 -0.029695 0.999548 0.004703 -0.023944 0.999562 0.017393 -0.023945 0.999562 0.017392 -0.017346 0.999565 0.023870 -0.017347 0.999565 0.023869 -0.009098 0.999567 0.027995 -0.009099 0.999567 0.027995 -0.004658 0.999557 0.029410 -0.004658 0.999557 0.029410 0.004658 0.999557 0.029410 0.009098 0.999567 0.027995 0.009099 0.999567 0.027995 0.004658 0.999557 0.029410 0.017346 0.999565 0.023870 0.017347 0.999565 0.023870 0.023945 0.999562 0.017394 0.023946 0.999562 0.017393 0.028216 0.999560 0.009166 0.028216 0.999560 0.009165 0.029695 0.999548 0.004703 0.029695 0.999548 0.004703 0.029695 0.999548 -0.004703 0.029695 0.999548 -0.004703 0.303328 0.947777 -0.098549 0.257469 0.948010 -0.187048 0.446884 0.833614 -0.324626 0.526207 0.832997 -0.170946 0.186565 0.948296 -0.256765 0.324023 0.834372 -0.445905 0.097872 0.948526 -0.301198 0.170070 0.834983 -0.523335 0.050056 0.947424 -0.316042 0.086770 0.832065 -0.547849 -0.050056 0.947424 -0.316042 -0.097872 0.948526 -0.301198 -0.170070 0.834983 -0.523336 -0.086770 0.832065 -0.547849 -0.186565 0.948296 -0.256765 -0.324024 0.834372 -0.445905 -0.257469 0.948010 -0.187048 -0.446884 0.833614 -0.324626 -0.303327 0.947777 -0.098549 
						-0.526207 0.832997 -0.170946 -0.318793 0.946478 -0.050492 -0.551517 0.829577 -0.087351 -0.318793 0.946478 0.050492 -0.303327 0.947777 0.098549 -0.526207 0.832997 0.170946 -0.551517 0.829577 0.087351 -0.257469 0.948010 0.187048 -0.446885 0.833614 0.324626 -0.186565 0.948296 0.256765 -0.324023 0.834372 0.445905 -0.097872 0.948526 0.301198 -0.170070 0.834983 0.523335 -0.050056 0.947424 0.316041 -0.086771 0.832065 0.547849 0.050056 0.947424 0.316041 0.097872 0.948526 0.301197 0.170070 0.834983 0.523336 0.086771 0.832065 0.547849 0.186565 0.948296 0.256765 0.324023 0.834373 0.445905 0.257469 0.948010 0.187048 0.446884 0.833614 0.324626 0.303327 0.947777 0.098549 0.526207 0.832997 0.170946 0.318793 0.946479 0.050492 0.551517 0.829577 0.087351 0.318793 0.946478 -0.050491 0.551517 0.829577 -0.087350 0.199400 0.977776 -0.064766 0.169242 0.977880 -0.122918 -0.041076 0.998711 0.029829 -0.048399 0.998704 0.015718 0.122624 0.978007 -0.168718 -0.029759 0.998718 0.040940 0.064325 0.978109 -0.197900 -0.015610 0.998724 0.048018 0.000000 0.978148 -0.207909 -0.000000 0.998727 0.050445 -0.064325 0.978109 -0.197900 0.015610 0.998724 0.048018 -0.122624 0.978007 -0.168717 0.029759 0.998718 0.040940 -0.169242 0.977880 -0.122918 0.041076 0.998711 0.029829 -0.199400 0.977776 -0.064766 0.048399 0.998704 0.015718 -0.209724 0.977196 -0.033217 0.050932 0.998670 0.008067 -0.209724 0.977196 0.033217 -0.199400 0.977776 0.064766 0.048399 0.998704 -0.015718 0.050932 0.998670 -0.008067 -0.169242 0.977880 0.122917 0.041076 0.998711 -0.029829 -0.122624 0.978007 0.168717 0.029759 0.998718 -0.040940 -0.064325 0.978109 0.197900 0.015610 0.998724 -0.048018 0.000000 0.978148 0.207909 -0.000000 0.998727 -0.050445 0.064325 0.978109 0.197900 -0.015610 0.998724 -0.048018 0.122624 0.978007 0.168717 
						-0.029759 0.998718 -0.040940 0.169242 0.977880 0.122917 -0.041076 0.998711 -0.029829 0.199400 0.977776 0.064766 -0.048399 0.998704 -0.015718 0.209724 0.977196 0.033217 -0.050932 0.998670 -0.008067 0.209724 0.977196 -0.033217 -0.050932 0.998670 0.008067 0.584884 0.788586 -0.189849 0.612378 0.784593 -0.096989 0.612378 0.784593 0.096991 0.584884 0.788586 0.189849 0.496907 0.789308 0.360662 0.360463 0.790196 0.495638 0.189268 0.790910 0.581927 0.096413 0.787497 0.608731 -0.096413 0.787497 0.608731 -0.189268 0.790911 0.581926 -0.360463 0.790195 0.495639 -0.496907 0.789307 0.360662 -0.584884 0.788586 0.189849 -0.612378 0.784593 0.096991 -0.612378 0.784593 -0.096991 -0.584884 0.788586 -0.189849 -0.496907 0.789307 -0.360662 -0.360464 0.790195 -0.495639 -0.189269 0.790910 -0.581927 -0.096413 0.787497 -0.608730 0.096413 0.787497 -0.608730 0.189268 0.790911 -0.581926 0.360464 0.790195 -0.495638 0.496907 0.789308 -0.360662 0.296057 0.950313 -0.096208 0.251281 0.950536 -0.182593 0.182066 0.950809 -0.250628 0.095506 0.951028 -0.293979 -0.000000 0.951112 -0.308847 -0.095506 0.951028 -0.293979 -0.182066 0.950809 -0.250628 -0.251281 0.950536 -0.182593 -0.296056 0.950313 -0.096208 -0.311179 0.949073 -0.049286 -0.311179 0.949073 0.049286 -0.296057 0.950313 0.096208 -0.251281 0.950536 0.182592 -0.182066 0.950809 0.250628 -0.095506 0.951028 0.293979 0.000000 0.951112 0.308847 0.095506 0.951028 0.293979 0.182066 0.950809 0.250628 0.251281 0.950536 0.182592 0.296056 0.950313 0.096208 0.311178 0.949073 0.049286 0.311179 0.949073 -0.049285 -0.002209 0.999997 0.000717 -0.001875 0.999997 0.001361 -0.203902 0.967716 0.148155 -0.240251 0.967566 0.078068 -0.001358 0.999997 0.001869 -0.147726 0.967899 0.203344 -0.000713 0.999997 0.002192 -0.077487 0.968046 0.238501 -0.000000 0.999997 0.002303 
						-0.000000 0.968102 0.250556 0.000712 0.999997 0.002191 0.077487 0.968046 0.238501 0.001358 0.999997 0.001868 0.147726 0.967899 0.203344 0.001875 0.999997 0.001361 0.203902 0.967716 0.148155 0.002209 0.999997 0.000717 0.240251 0.967566 0.078068 0.002325 0.999997 0.000368 0.252634 0.966734 0.040013 0.002325 0.999997 -0.000368 0.002209 0.999997 -0.000717 0.240251 0.967566 -0.078068 0.252634 0.966734 -0.040013 0.001875 0.999997 -0.001361 0.203902 0.967716 -0.148155 0.001358 0.999997 -0.001868 0.147726 0.967899 -0.203343 0.000713 0.999997 -0.002192 0.077487 0.968046 -0.238501 0.000000 0.999997 -0.002303 -0.000000 0.968102 -0.250557 -0.000713 0.999997 -0.002192 -0.077487 0.968046 -0.238500 -0.001358 0.999997 -0.001868 -0.147726 0.967899 -0.203343 -0.001875 0.999997 -0.001361 -0.203902 0.967716 -0.148155 -0.002209 0.999997 -0.000717 -0.240250 0.967567 -0.078068 -0.002325 0.999997 -0.000368 -0.252633 0.966734 -0.040013 -0.002325 0.999997 0.000368 -0.252633 0.966734 0.040012 -0.206485 0.976147 0.067093 -0.217175 0.975526 0.034397 -0.217175 0.975526 -0.034397 -0.206485 0.976147 -0.067093 -0.175240 0.976258 -0.127324 -0.126956 0.976394 -0.174746 -0.066591 0.976504 -0.204953 -0.000000 0.976546 -0.215311 0.066591 0.976504 -0.204953 0.126956 0.976394 -0.174746 0.175240 0.976258 -0.127324 0.206485 0.976147 -0.067093 0.217175 0.975526 -0.034397 0.217175 0.975526 0.034397 0.206485 0.976147 0.067093 0.175240 0.976258 0.127324 0.126956 0.976394 0.174746 0.066591 0.976504 0.204953 -0.000000 0.976546 0.215311 -0.066591 0.976504 0.204953 -0.126956 0.976394 0.174746 -0.175240 0.976258 0.127324 0.244068 0.966510 -0.079309 0.207142 0.966664 -0.150510 0.150074 0.966853 -0.206577 0.078720 0.967004 -0.242294 -0.000000 0.967062 -0.254543 -0.078720 0.967004 -0.242295 -0.150075 0.966852 -0.206577 
						-0.207143 0.966663 -0.150511 -0.244068 0.966510 -0.079309 -0.256641 0.965652 -0.040648 -0.256641 0.965652 0.040648 -0.244068 0.966510 0.079309 -0.207143 0.966664 0.150510 -0.150074 0.966853 0.206577 -0.078719 0.967004 0.242294 -0.000000 0.967062 0.254543 0.078720 0.967004 0.242295 0.150075 0.966852 0.206577 0.207143 0.966664 0.150510 0.244068 0.966510 0.079309 0.256640 0.965652 0.040648 0.256641 0.965652 -0.040647 -0.001584 0.999999 0.000514 -0.001345 0.999999 0.000976 -0.250749 0.950750 0.182207 -0.295431 0.950528 0.096005 -0.000974 0.999999 0.001340 -0.181681 0.951022 0.250098 -0.000511 0.999999 0.001572 -0.095303 0.951241 0.293356 -0.000000 0.999999 0.001651 -0.000000 0.951324 0.308192 0.000511 0.999999 0.001571 0.095303 0.951241 0.293356 0.000974 0.999999 0.001340 0.181681 0.951022 0.250098 0.001345 0.999999 0.000976 0.250749 0.950750 0.182206 0.001584 0.999999 0.000514 0.295430 0.950528 0.096005 0.001667 0.999999 0.000264 0.310522 0.949293 0.049182 0.001667 0.999999 -0.000264 0.001584 0.999999 -0.000514 0.295430 0.950528 -0.096005 0.310522 0.949293 -0.049182 0.001345 0.999999 -0.000976 0.250749 0.950750 -0.182206 0.000974 0.999999 -0.001340 0.181681 0.951022 -0.250098 0.000511 0.999999 -0.001572 0.095304 0.951241 -0.293357 -0.000000 0.999999 -0.001652 -0.000000 0.951324 -0.308193 -0.000511 0.999999 -0.001572 -0.095303 0.951241 -0.293356 -0.000974 0.999999 -0.001340 -0.181680 0.951023 -0.250097 -0.001345 0.999999 -0.000976 -0.250749 0.950750 -0.182206 -0.001584 0.999999 -0.000514 -0.295430 0.950528 -0.096005 -0.001667 0.999999 -0.000264 -0.310522 0.949293 -0.049182 -0.001667 0.999999 0.000264 -0.310522 0.949293 0.049181 0.271781 0.958298 -0.088317 0.230669 0.958488 -0.167611 0.167126 0.958720 -0.230056 0.087666 0.958906 -0.269840 0.000000 0.958977 -0.283485 
						-0.087666 0.958906 -0.269840 -0.167126 0.958720 -0.230055 -0.230670 0.958488 -0.167611 -0.271781 0.958298 -0.088317 -0.285720 0.957244 -0.045254 -0.285720 0.957244 0.045254 -0.271780 0.958298 0.088317 -0.230670 0.958488 0.167611 -0.167126 0.958720 0.230056 -0.087666 0.958906 0.269840 0.000000 0.958977 0.283484 0.087666 0.958906 0.269840 0.167126 0.958720 0.230055 0.230670 0.958488 0.167611 0.271781 0.958298 0.088317 0.285720 0.957244 0.045253 0.285721 0.957244 -0.045253 0.158043 0.986098 -0.051308 0.134151 0.986164 -0.097386 -0.184517 0.973642 0.134067 -0.217415 0.973519 0.070646 0.097208 0.986245 -0.133685 -0.133678 0.973793 0.184002 0.050996 0.986310 -0.156820 -0.070117 0.973914 0.215811 0.000000 0.986334 -0.164756 -0.000000 0.973960 0.226718 -0.050996 0.986310 -0.156820 0.070118 0.973914 0.215811 -0.097208 0.986245 -0.133685 0.133679 0.973793 0.184002 -0.134150 0.986164 -0.097385 0.184518 0.973642 0.134067 -0.158043 0.986098 -0.051308 0.217415 0.973519 0.070646 -0.166255 0.985731 -0.026332 0.228656 0.972833 0.036215 -0.166255 0.985731 0.026332 -0.158043 0.986098 0.051309 0.217415 0.973519 -0.070646 0.228656 0.972833 -0.036215 -0.134151 0.986164 0.097385 0.184518 0.973642 -0.134067 -0.097208 0.986245 0.133685 0.133679 0.973793 -0.184002 -0.050996 0.986310 0.156820 0.070118 0.973914 -0.215811 0.000000 0.986334 0.164756 0.000000 0.973960 -0.226718 0.050996 0.986310 0.156820 -0.070118 0.973914 -0.215811 0.097208 0.986245 0.133685 -0.133679 0.973793 -0.184003 0.134150 0.986164 0.097385 -0.184518 0.973642 -0.134067 0.158042 0.986098 0.051308 -0.217415 0.973519 -0.070646 0.166255 0.985731 0.026332 -0.228656 0.972833 -0.036215 0.166255 0.985731 -0.026332 -0.228656 0.972834 0.036215 0.545094 0.819439 -0.177180 0.462885 0.820090 -0.336436 0.335590 0.820891 -0.462079 
						0.176126 0.821535 -0.542273 -0.000000 0.821781 -0.569804 -0.176126 0.821536 -0.542271 -0.335590 0.820891 -0.462079 -0.462885 0.820090 -0.336436 -0.545094 0.819439 -0.177180 -0.571172 0.815830 -0.090464 -0.571172 0.815830 0.090465 -0.545094 0.819438 0.177180 -0.462885 0.820090 0.336436 -0.335590 0.820891 0.462079 -0.176126 0.821536 0.542271 0.000000 0.821781 0.569804 0.176127 0.821535 0.542273 0.335590 0.820891 0.462079 0.462885 0.820091 0.336436 0.545094 0.819439 0.177180 0.571172 0.815830 0.090464 0.571172 0.815830 -0.090463 -0.587521 0.786385 0.190833 -0.499068 0.787112 0.362473 -0.603136 0.666341 0.438425 -0.709881 0.665443 0.230770 -0.361960 0.788005 0.498029 -0.437553 0.667447 0.602545 -0.190024 0.788725 0.584640 -0.229759 0.668339 0.707484 0.000000 0.788998 0.614395 0.000000 0.668679 0.743551 0.190025 0.788725 0.584640 0.229759 0.668339 0.707484 0.361960 0.788005 0.498029 0.437554 0.667448 0.602545 0.499067 0.787112 0.362473 0.603136 0.666341 0.438425 0.587521 0.786385 0.190834 0.709881 0.665443 0.230770 0.615150 0.782367 0.097431 0.741586 0.660495 0.117455 0.615150 0.782367 -0.097431 0.587521 0.786385 -0.190834 0.709881 0.665443 -0.230770 0.741586 0.660495 -0.117456 0.499068 0.787112 -0.362473 0.603136 0.666341 -0.438425 0.361960 0.788005 -0.498029 0.437554 0.667448 -0.602545 0.190024 0.788725 -0.584640 0.229759 0.668339 -0.707484 -0.000000 0.788998 -0.614395 -0.000000 0.668679 -0.743551 -0.190025 0.788724 -0.584640 -0.229759 0.668339 -0.707484 -0.361960 0.788005 -0.498029 -0.437554 0.667448 -0.602545 -0.499067 0.787112 -0.362473 -0.603136 0.666341 -0.438425 -0.587521 0.786385 -0.190833 -0.709881 0.665443 -0.230771 -0.615150 0.782367 -0.097430 -0.741586 0.660495 -0.117456 -0.615150 0.782367 0.097429 -0.741587 0.660495 0.117454 -0.112035 0.993038 0.036387 
						-0.095085 0.993071 0.069055 -0.095074 0.993071 0.069069 -0.112031 0.993038 0.036398 -0.068888 0.993112 0.094778 -0.068874 0.993112 0.094789 -0.036134 0.993145 0.111165 -0.036124 0.993145 0.111168 0.000000 0.993157 0.116784 0.000000 0.993157 0.116784 0.036134 0.993145 0.111165 0.036124 0.993145 0.111168 0.068888 0.993112 0.094778 0.068874 0.993112 0.094789 0.095084 0.993071 0.069055 0.095074 0.993071 0.069069 0.112034 0.993038 0.036388 0.112031 0.993038 0.036398 0.117882 0.992852 0.018671 0.117882 0.992852 0.018671 0.117882 0.992852 -0.018671 0.112034 0.993038 -0.036388 0.112031 0.993038 -0.036398 0.117882 0.992852 -0.018671 0.095084 0.993071 -0.069055 0.095074 0.993071 -0.069069 0.068888 0.993112 -0.094778 0.068874 0.993112 -0.094788 0.036134 0.993145 -0.111165 0.036124 0.993145 -0.111168 -0.000000 0.993157 -0.116784 -0.000000 0.993157 -0.116784 -0.036134 0.993145 -0.111165 -0.036124 0.993145 -0.111168 -0.068888 0.993112 -0.094778 -0.068874 0.993112 -0.094789 -0.095085 0.993071 -0.069055 -0.095074 0.993071 -0.069069 -0.112034 0.993038 -0.036387 -0.112031 0.993038 -0.036398 -0.117882 0.992852 -0.018671 -0.117882 0.992852 -0.018671 -0.117882 0.992852 0.018671 -0.117882 0.992852 0.018671 0.062161 0.998017 -0.009845 0.059068 0.998069 -0.019189 -0.015700 0.999864 0.005100 -0.016523 0.999860 0.002617 0.059068 0.998069 0.019189 0.062161 0.998017 0.009845 -0.016523 0.999860 -0.002617 -0.015700 0.999864 -0.005100 0.050127 0.998079 0.036414 -0.013324 0.999864 -0.009677 0.036313 0.998090 0.049973 -0.009652 0.999865 -0.013281 0.019046 0.998099 0.058608 -0.005063 0.999866 -0.015577 0.000000 0.998103 0.061569 -0.000000 0.999866 -0.016364 -0.019046 0.998099 0.058608 0.005063 0.999866 -0.015577 -0.036313 0.998090 0.049973 0.009652 0.999865 -0.013281 -0.050127 0.998079 0.036414 
						0.013324 0.999864 -0.009677 -0.059068 0.998070 0.019190 0.015700 0.999864 -0.005100 -0.062161 0.998018 0.009846 0.016523 0.999860 -0.002617 -0.059068 0.998069 -0.019190 -0.062161 0.998018 -0.009846 0.016523 0.999860 0.002617 0.015700 0.999864 0.005100 -0.050127 0.998079 -0.036414 0.013324 0.999864 0.009677 -0.036313 0.998090 -0.049973 0.009652 0.999865 0.013281 -0.019046 0.998099 -0.058608 0.005063 0.999866 0.015577 0.000000 0.998103 -0.061569 -0.000000 0.999866 0.016364 0.019046 0.998099 -0.058608 -0.005063 0.999866 0.015577 0.036313 0.998090 -0.049973 -0.009652 0.999865 0.013281 0.050127 0.998079 -0.036414 -0.013324 0.999864 0.009677 -0.501011 0.850022 0.162639 -0.425537 0.850592 0.308888 -0.308589 0.851294 0.424349 -0.161988 0.851858 0.498094 0.000000 0.852073 0.523423 0.161989 0.851858 0.498094 0.308589 0.851294 0.424349 0.425536 0.850592 0.308888 0.501011 0.850022 0.162640 0.525273 0.846857 0.083196 0.525273 0.846857 -0.083196 0.501010 0.850022 -0.162640 0.425536 0.850592 -0.308888 0.308589 0.851294 -0.424349 0.161988 0.851858 -0.498094 -0.000000 0.852073 -0.523423 -0.161989 0.851858 -0.498094 -0.308589 0.851294 -0.424349 -0.425536 0.850592 -0.308888 -0.501010 0.850022 -0.162639 -0.525273 0.846857 -0.083195 -0.525273 0.846857 0.083194 -0.029391 0.999522 0.009548 -0.030931 0.999510 0.004899 -0.030931 0.999510 -0.004899 -0.029391 0.999522 -0.009548 -0.024942 0.999525 -0.018118 -0.018069 0.999528 -0.024865 -0.009477 0.999530 -0.029161 -0.000000 0.999531 -0.030634 0.009477 0.999530 -0.029161 0.018069 0.999527 -0.024865 0.024942 0.999525 -0.018118 0.029391 0.999522 -0.009548 0.030931 0.999510 -0.004899 0.030931 0.999510 0.004899 0.029391 0.999522 0.009548 0.024942 0.999525 0.018118 0.018069 0.999527 0.024865 0.009477 0.999530 0.029161 -0.000000 0.999531 0.030634 
						-0.009477 0.999530 0.029161 -0.018069 0.999527 0.024865 -0.024942 0.999525 0.018118 0.184040 0.982486 -0.029149 0.174950 0.982935 -0.056844 0.174950 0.982935 0.056844 0.184040 0.982486 0.029149 0.148473 0.983015 0.107872 0.107561 0.983114 0.148045 0.056417 0.983193 0.173632 0.028878 0.982813 0.182330 -0.056417 0.983193 0.173632 -0.028878 0.982813 0.182330 -0.107561 0.983114 0.148045 -0.148473 0.983015 0.107872 -0.174950 0.982935 0.056844 -0.184040 0.982486 0.029149 -0.174950 0.982935 -0.056844 -0.184040 0.982486 -0.029149 -0.148473 0.983015 -0.107872 -0.107561 0.983114 -0.148045 -0.056417 0.983193 -0.173632 -0.028878 0.982813 -0.182330 0.056417 0.983193 -0.173632 0.028878 0.982813 -0.182330 0.107561 0.983114 -0.148045 0.148473 0.983015 -0.107872 
					</float_array>
					<technique_common>
						<accessor count="667" offset="0" source="#meshId0-bitangents-array" stride="3">
							<param name="X" type="float" />
							<param name="Y" type="float" />
							<param name="Z" type="float" />
						</accessor>
					</technique_common>
				</source>
				<source id="meshId0-tex0" name="meshId0-tex0">
					<float_array id="meshId0-tex0-array" count="1334"> 
						0.240777 0.269837 0.258810 0.234444 0.138064 0.195211 0.212689 0.297925 0.177297 0.315958 0.138064 0.322172 0.098831 0.315958 0.063438 0.297925 0.035350 0.269837 0.017317 0.234444 0.011103 0.195211 0.017317 0.155978 0.035350 0.120586 0.063438 0.092498 0.098831 0.074465 0.138064 0.068251 0.177297 0.074465 0.212689 0.092498 0.240777 0.120586 0.258810 0.155978 0.265024 0.195211 0.258155 0.516188 0.242267 0.547370 0.193585 0.512000 0.200926 0.497593 0.217522 0.572116 0.182152 0.523434 0.186340 0.588004 0.167745 0.530775 0.151775 0.592374 0.151775 0.533304 0.117210 0.586900 0.135805 0.530775 0.086028 0.571012 0.121398 0.523434 0.061282 0.546266 0.109964 0.512000 0.045394 0.515085 0.102624 0.497593 0.039920 0.482767 0.100094 0.481623 0.045394 0.449306 0.102624 0.465653 0.061282 0.418124 0.109964 0.451246 0.086028 0.393379 0.121398 0.439813 0.117210 0.377491 0.135805 0.432472 0.151775 0.372016 0.151775 0.429943 0.186340 0.375243 0.167745 0.432472 0.217522 0.391131 0.182152 0.439813 0.242267 0.415877 0.193585 0.451246 0.258155 0.447058 0.200926 0.465653 0.263630 0.481623 0.203455 0.481623 0.672388 0.851780 0.713854 0.851780 0.713854 0.863816 
						0.672388 0.863816 0.751476 0.851780 0.751476 0.863816 0.780500 0.851780 0.780500 0.863816 0.810551 0.851780 0.810551 0.863816 0.810478 0.851885 0.839646 0.851885 0.839646 0.863662 0.810478 0.863662 0.868977 0.851885 0.868977 0.863662 0.909686 0.851885 0.909686 0.863662 0.942774 0.851885 0.942774 0.863662 0.983988 0.851885 0.983988 0.863662 0.292244 0.851823 0.327089 0.851823 0.327089 0.864803 0.292244 0.864803 0.367034 0.851823 0.367034 0.864803 0.410094 0.851823 0.410094 0.864803 0.447299 0.851823 0.447299 0.864803 0.476776 0.851823 0.476776 0.864803 0.476798 0.851499 0.506536 0.851499 0.506536 0.863474 0.476798 0.863474 0.535611 0.851499 0.535611 0.863474 0.576519 0.851499 0.576519 0.863474 0.609130 0.851499 0.609130 0.863474 0.638753 0.851499 0.638753 0.863474 0.638661 0.851780 0.638661 0.863816 0.672388 0.802692 0.713854 0.802692 0.713854 0.828482 0.672388 0.828482 0.751476 0.802692 0.751476 0.828482 0.780500 0.802692 0.780500 0.828482 0.810551 0.802692 0.810551 0.828482 0.810478 0.802508 0.839646 0.802508 0.839646 0.828450 0.810478 0.828450 0.868977 0.802508 0.868977 0.828450 0.909686 0.802508 0.909686 0.828450 0.942774 0.802508 
						0.942774 0.828450 0.983988 0.802508 0.983988 0.828450 0.292244 0.802210 0.327089 0.802210 0.327089 0.827672 0.292244 0.827672 0.367034 0.802210 0.367034 0.827672 0.410094 0.802210 0.410094 0.827672 0.447299 0.802210 0.447299 0.827672 0.476776 0.802210 0.476776 0.827672 0.476798 0.802659 0.506536 0.802659 0.506536 0.828319 0.476798 0.828319 0.535611 0.802659 0.535611 0.828319 0.576519 0.802659 0.576519 0.828319 0.609130 0.802659 0.609130 0.828319 0.638753 0.802659 0.638753 0.828319 0.638661 0.802692 0.638661 0.828482 0.672239 0.712900 0.713884 0.712900 0.713884 0.736309 0.672239 0.736309 0.751333 0.712900 0.751333 0.736309 0.780522 0.712900 0.780522 0.736309 0.810307 0.712900 0.810307 0.736309 0.840045 0.712900 0.840045 0.736309 0.869230 0.712900 0.869230 0.736309 0.910017 0.712900 0.910017 0.736309 0.942855 0.712900 0.942855 0.736309 0.984405 0.712900 0.984405 0.736309 0.292243 0.712900 0.327177 0.712900 0.327177 0.736309 0.292243 0.736309 0.366971 0.712900 0.366971 0.736309 0.409759 0.712900 0.409759 0.736309 0.447005 0.712900 0.447005 0.736309 0.476711 0.712900 0.476711 0.736309 0.506526 0.712900 0.506526 0.736309 0.535705 0.712900 
						0.535705 0.736309 0.576582 0.712900 0.576582 0.736309 0.609435 0.712900 0.609435 0.736309 0.638759 0.712900 0.638759 0.736309 0.638321 0.712900 0.638321 0.736309 0.672388 0.851780 0.638661 0.851780 0.638753 0.851499 0.609130 0.851499 0.576519 0.851499 0.535611 0.851499 0.506536 0.851499 0.476798 0.851499 0.476776 0.851823 0.447299 0.851823 0.410094 0.851823 0.367034 0.851823 0.327089 0.851823 0.292244 0.851823 0.983988 0.851885 0.942774 0.851885 0.909686 0.851885 0.868977 0.851885 0.839646 0.851885 0.810478 0.851885 0.810551 0.851780 0.780500 0.851780 0.751476 0.851780 0.713854 0.851780 0.672239 0.693603 0.713884 0.693603 0.751333 0.693603 0.780522 0.693603 0.810307 0.693603 0.840045 0.693603 0.869230 0.693603 0.910017 0.693603 0.942855 0.693603 0.984405 0.693603 0.292243 0.693603 0.327177 0.693603 0.366971 0.693603 0.409759 0.693603 0.447005 0.693603 0.476711 0.693603 0.506526 0.693603 0.535705 0.693603 0.576582 0.693603 0.609435 0.693603 0.638759 0.693603 0.638321 0.693603 0.672239 0.683542 0.713884 0.683542 0.713884 0.693603 0.672239 0.693603 0.751333 0.683542 0.751333 0.693603 0.780522 0.683542 0.780522 0.693603 0.810307 0.683542 
						0.810307 0.693603 0.840045 0.683542 0.840045 0.693603 0.869230 0.683542 0.869230 0.693603 0.910017 0.683542 0.910017 0.693603 0.942855 0.683542 0.942855 0.693603 0.984405 0.683542 0.984405 0.693603 0.292243 0.683542 0.327177 0.683542 0.327177 0.693603 0.292243 0.693603 0.366971 0.683542 0.366971 0.693603 0.409759 0.683542 0.409759 0.693603 0.447005 0.683542 0.447005 0.693603 0.476711 0.683542 0.476711 0.693603 0.506526 0.683542 0.506526 0.693603 0.535705 0.683542 0.535705 0.693603 0.576582 0.683542 0.576582 0.693603 0.609435 0.683542 0.609435 0.693603 0.638759 0.683542 0.638759 0.693603 0.638321 0.683542 0.638321 0.693603 0.672239 0.762692 0.638321 0.762692 0.638759 0.762692 0.609435 0.762692 0.576582 0.762692 0.535705 0.762692 0.506526 0.762692 0.476711 0.762692 0.447005 0.762692 0.409759 0.762692 0.366971 0.762692 0.327177 0.762692 0.292243 0.762692 0.984405 0.762692 0.942855 0.762692 0.910017 0.762692 0.869230 0.762692 0.840045 0.762692 0.810307 0.762692 0.780522 0.762692 0.751333 0.762692 0.713884 0.762692 0.672239 0.673820 0.713884 0.673820 0.751333 0.673820 0.780522 0.673820 0.810307 0.673820 0.840045 0.673820 0.869230 0.673820 
						0.910017 0.673820 0.942855 0.673820 0.984405 0.673820 0.292243 0.673820 0.327177 0.673820 0.366971 0.673820 0.409759 0.673820 0.447005 0.673820 0.476711 0.673820 0.506526 0.673820 0.535705 0.673820 0.576582 0.673820 0.609435 0.673820 0.638759 0.673820 0.638321 0.673820 0.672239 0.662662 0.713884 0.662662 0.713884 0.673820 0.672239 0.673820 0.751333 0.662662 0.751333 0.673820 0.780522 0.662662 0.780522 0.673820 0.810307 0.662662 0.810307 0.673820 0.840045 0.662662 0.840045 0.673820 0.869230 0.662662 0.869230 0.673820 0.910017 0.662662 0.910017 0.673820 0.942855 0.662662 0.942855 0.673820 0.984405 0.662662 0.984405 0.673820 0.292243 0.662662 0.327177 0.662662 0.327177 0.673820 0.292243 0.673820 0.366971 0.662662 0.366971 0.673820 0.409759 0.662662 0.409759 0.673820 0.447005 0.662662 0.447005 0.673820 0.476711 0.662662 0.476711 0.673820 0.506526 0.662662 0.506526 0.673820 0.535705 0.662662 0.535705 0.673820 0.576582 0.662662 0.576582 0.673820 0.609435 0.662662 0.609435 0.673820 0.638759 0.662662 0.638759 0.673820 0.638321 0.662662 0.638321 0.673820 0.672239 0.650615 0.713884 0.650615 0.751333 0.650615 0.780522 0.650615 0.810307 0.650615 
						0.840045 0.650615 0.869230 0.650615 0.910017 0.650615 0.942855 0.650615 0.984405 0.650615 0.292243 0.650615 0.327177 0.650615 0.366971 0.650615 0.409759 0.650615 0.447005 0.650615 0.476711 0.650615 0.506526 0.650615 0.535705 0.650615 0.576582 0.650615 0.609435 0.650615 0.638759 0.650615 0.638321 0.650615 0.672239 0.638965 0.713884 0.638965 0.713884 0.650615 0.672239 0.650615 0.751333 0.638965 0.751333 0.650615 0.780522 0.638965 0.780522 0.650615 0.810307 0.638965 0.810307 0.650615 0.840045 0.638965 0.840045 0.650615 0.869230 0.638965 0.869230 0.650615 0.910017 0.638965 0.910017 0.650615 0.942855 0.638965 0.942855 0.650615 0.984405 0.638965 0.984405 0.650615 0.292243 0.638965 0.327177 0.638965 0.327177 0.650615 0.292243 0.650615 0.366971 0.638965 0.366971 0.650615 0.409759 0.638965 0.409759 0.650615 0.447005 0.638965 0.447005 0.650615 0.476711 0.638965 0.476711 0.650615 0.506526 0.638965 0.506526 0.650615 0.535705 0.638965 0.535705 0.650615 0.576582 0.638965 0.576582 0.650615 0.609435 0.638965 0.609435 0.650615 0.638759 0.638965 0.638759 0.650615 0.638321 0.638965 0.638321 0.650615 0.672239 0.629399 0.713884 0.629399 0.751333 0.629399 
						0.780522 0.629399 0.810307 0.629399 0.840045 0.629399 0.869230 0.629399 0.910017 0.629399 0.942855 0.629399 0.984405 0.629399 0.292243 0.629399 0.327177 0.629399 0.366971 0.629399 0.409759 0.629399 0.447005 0.629399 0.476711 0.629399 0.506526 0.629399 0.535705 0.629399 0.576582 0.629399 0.609435 0.629399 0.638759 0.629399 0.638321 0.629399 0.672239 0.088048 0.713884 0.088048 0.713884 0.102228 0.672239 0.102228 0.751333 0.088048 0.751333 0.102228 0.780522 0.088048 0.780522 0.102228 0.810307 0.088048 0.810307 0.102228 0.840045 0.088048 0.840045 0.102228 0.869230 0.088048 0.869230 0.102228 0.910017 0.088048 0.910017 0.102228 0.942855 0.088048 0.942855 0.102228 0.984405 0.088048 0.984405 0.102228 0.292243 0.088048 0.327177 0.088048 0.327177 0.102228 0.292243 0.102228 0.366971 0.088048 0.366971 0.102228 0.409759 0.088048 0.409759 0.102228 0.447005 0.088048 0.447005 0.102228 0.476711 0.088048 0.476711 0.102228 0.506526 0.088048 0.506526 0.102228 0.535705 0.088048 0.535705 0.102228 0.576582 0.088048 0.576582 0.102228 0.609435 0.088048 0.609435 0.102228 0.638759 0.088048 0.638759 0.102228 0.638321 0.088048 0.638321 0.102228 0.672239 0.036280 
						0.713884 0.036280 0.713884 0.068062 0.672239 0.068062 0.751333 0.036280 0.751333 0.068062 0.780522 0.036280 0.780522 0.068062 0.810307 0.036280 0.810307 0.068062 0.840045 0.036280 0.840045 0.068062 0.869230 0.036280 0.869230 0.068062 0.910017 0.036280 0.910017 0.068062 0.942855 0.036280 0.942855 0.068062 0.984405 0.036280 0.984405 0.068062 0.292243 0.036280 0.327177 0.036280 0.327177 0.068062 0.292243 0.068062 0.366971 0.036280 0.366971 0.068062 0.409759 0.036280 0.409759 0.068062 0.447005 0.036280 0.447005 0.068062 0.476711 0.036280 0.476711 0.068062 0.506526 0.036280 0.506526 0.068062 0.535705 0.036280 0.535705 0.068062 0.576582 0.036280 0.576582 0.068062 0.609435 0.036280 0.609435 0.068062 0.638759 0.036280 0.638759 0.068062 0.638321 0.036280 0.638321 0.068062 0.638321 0.102228 0.672239 0.102228 0.672239 0.178980 0.638321 0.178980 0.609435 0.102228 0.638759 0.102228 0.638759 0.178980 0.609435 0.178980 0.576582 0.102228 0.576582 0.178980 0.535705 0.102228 0.535705 0.178980 0.506526 0.102228 0.506526 0.178980 0.476711 0.102228 0.476711 0.178980 0.447005 0.102228 0.447005 0.178980 0.409759 0.102228 0.409759 0.178980 0.366971 0.102228 
						0.366971 0.178980 0.327177 0.102228 0.327177 0.178980 0.292243 0.102228 0.292243 0.178980 0.942855 0.102228 0.984405 0.102228 0.984405 0.178980 0.942855 0.178980 0.910017 0.102228 0.910017 0.178980 0.869230 0.102228 0.869230 0.178980 0.840045 0.102228 0.840045 0.178980 0.810307 0.102228 0.810307 0.178980 0.780522 0.102228 0.780522 0.178980 0.751333 0.102228 0.751333 0.178980 0.713884 0.102228 0.713884 0.178980 0.672239 0.068062 0.713884 0.068062 0.751333 0.068062 0.780522 0.068062 0.810307 0.068062 0.840045 0.068062 0.869230 0.068062 0.910017 0.068062 0.942855 0.068062 0.984405 0.068062 0.292243 0.068062 0.327177 0.068062 0.366971 0.068062 0.409759 0.068062 0.447005 0.068062 0.476711 0.068062 0.506526 0.068062 0.535705 0.068062 0.576582 0.068062 0.609435 0.068062 0.638759 0.068062 0.638321 0.068062 0.672239 0.629399 0.638321 0.629399 0.638759 0.629399 0.609435 0.629399 0.576582 0.629399 0.535705 0.629399 0.506526 0.629399 0.476711 0.629399 0.447005 0.629399 0.409759 0.629399 0.366971 0.629399 0.327177 0.629399 0.292243 0.629399 0.984405 0.629399 0.942855 0.629399 0.910017 0.629399 0.869230 0.629399 0.840045 0.629399 0.810307 0.629399 
						0.780522 0.629399 0.751333 0.629399 0.713884 0.629399 0.638661 0.762558 0.672388 0.762558 0.609130 0.762727 0.638753 0.762727 0.576519 0.762727 0.535611 0.762727 0.506536 0.762727 0.476798 0.762727 0.447299 0.762586 0.476776 0.762586 0.410094 0.762586 0.367034 0.762586 0.327089 0.762586 0.292244 0.762586 0.942774 0.762911 0.983988 0.762911 0.909686 0.762911 0.868977 0.762911 0.839646 0.762911 0.810478 0.762911 0.780500 0.762558 0.810551 0.762558 0.751476 0.762558 0.713854 0.762558 
					</float_array>
					<technique_common>
						<accessor count="667" offset="0" source="#meshId0-tex0-array" stride="2">
							<param name="S" type="float" />
							<param name="T" type="float" />
						</accessor>
					</technique_common>
				</source>
				<vertices id="meshId0-vertices">
					<input semantic="POSITION" source="#meshId0-positions" />
				</vertices>
				<polylist count="780" material="defaultMaterial">
					<input offset="0" semantic="VERTEX" source="#meshId0-vertices" />
					<input offset="0" semantic="NORMAL" source="#meshId0-normals" />
					<input offset="0" semantic="TANGENT" source="#meshId0-tangents" />
					<input offset="0" semantic="BINORMAL" source="#meshId0-bitangents" />
					<input offset="0" semantic="TEXCOORD" source="#meshId0-tex0" set="0" />
					<vcount>
						3 3 3 3 3 3 3 3 3 3 3 3 3 3 3 3 3 3 3 3 3 3 3 3 3 3 3 3 3 3 3 3 3 3 3 3 3 3 3 3 3 3 3 3 3 3 3 3 3 3 3 3 3 3 3 3 3 3 3 3 3 3 3 3 
						3 3 3 3 3 3 3 3 3 3 3 3 3 3 3 3 3 3 3 3 3 3 3 3 3 3 3 3 3 3 3 3 3 3 3 3 3 3 3 3 3 3 3 3 3 3 3 3 3 3 3 3 3 3 3 3 3 3 3 3 3 3 3 3 
						3 3 3 3 3 3 3 3 3 3 3 3 3 3 3 3 3 3 3 3 3 3 3 3 3 3 3 3 3 3 3 3 3 3 3 3 3 3 3 3 3 3 3 3 3 3 3 3 3 3 3 3 3 3 3 3 3 3 3 3 3 3 3 3 
						3 3 3 3 3 3 3 3 3 3 3 3 3 3 3 3 3 3 3 3 3 3 3 3 3 3 3 3 3 3 3 3 3 3 3 3 3 3 3 3 3 3 3 3 3 3 3 3 3 3 3 3 3 3 3 3 3 3 3 3 3 3 3 3 
						3 3 3 3 3 3 3 3 3 3 3 3 3 3 3 3 3 3 3 3 3 3 3 3 3 3 3 3 3 3 3 3 3 3 3 3 3 3 3 3 3 3 3 3 3 3 3 3 3 3 3 3 3 3 3 3 3 3 3 3 3 3 3 3 
						3 3 3 3 3 3 3 3 3 3 3 3 3 3 3 3 3 3 3 3 3 3 3 3 3 3 3 3 3 3 3 3 3 3 3 3 3 3 3 3 3 3 3 3 3 3 3 3 3 3 3 3 3 3 3 3 3 3 3 3 3 3 3 3 
						3 3 3 3 3 3 3 3 3 3 3 3 3 3 3 3 3 3 3 3 3 3 3 3 3 3 3 3 3 3 3 3 3 3 3 3 3 3 3 3 3 3 3 3 3 3 3 3 3 3 3 3 3 3 3 3 3 3 3 3 3 3 3 3 
						3 3 3 3 3 3 3 3 3 3 3 3 3 3 3 3 3 3 3 3 3 3 3 3 3 3 3 3 3 3 3 3 3 3 3 3 3 3 3 3 3 3 3 3 3 3 3 3 3 3 3 3 3 3 3 3 3 3 3 3 3 3 3 3 
						3 3 3 3 3 3 3 3 3 3 3 3 3 3 3 3 3 3 3 3 3 3 3 3 3 3 3 3 3 3 3 3 3 3 3 3 3 3 3 3 3 3 3 3 3 3 3 3 3 3 3 3 3 3 3 3 3 3 3 3 3 3 3 3 
						3 3 3 3 3 3 3 3 3 3 3 3 3 3 3 3 3 3 3 3 3 3 3 3 3 3 3 3 3 3 3 3 3 3 3 3 3 3 3 3 3 3 3 3 3 3 3 3 3 3 3 3 3 3 3 3 3 3 3 3 3 3 3 3 
						3 3 3 3 3 3 3 3 3 3 3 3 3 3 3 3 3 3 3 3 3 3 3 3 3 3 3 3 3 3 3 3 3 3 3 3 3 3 3 3 3 3 3 3 3 3 3 3 3 3 3 3 3 3 3 3 3 3 3 3 3 3 3 3 
						3 3 3 3 3 3 3 3 3 3 3 3 3 3 3 3 3 3 3 3 3 3 3 3 3 3 3 3 3 3 3 3 3 3 3 3 3 3 3 3 3 3 3 3 3 3 3 3 3 3 3 3 3 3 3 3 3 3 3 3 3 3 3 3 
						3 3 3 3 3 3 3 3 3 3 3 3 
					</vcount>
					<p>
						0 1 2 3 0 2 4 3 2 5 4 2 6 5 2 7 6 2 8 7 2 9 8 2 10 9 2 11 10 2 12 11 2 13 12 2 14 13 2 15 14 2 16 15 2 17 16 2 18 17 2 19 18 2 20 19 2 1 20 2 24 21 22 22 23 24 23 22 25 25 26 23 26 25 27 27 28 26 28 27 29 29 30 28 30 29 31 31 32 30 32 31 33 33 34 32 34 33 35 35 36 34 36 35 37 37 38 36 38 37 39 39 40 38 40 39 41 41 42 40 42 41 43 43 44 42 44 43 45 45 46 44 46 45 47 47 48 46 48 47 49 49 50 48 50 49 51 51 52 50 52 51 53 53 54 52 54 53 55 55 56 54 56 55 57 57 58 56 58 57 59 59 60 58 60 59 21 21 24 60 64 61 62 62 63 64 63 62 65 65 66 63 
						66 65 67 67 68 66 68 67 69 69 70 68 74 71 72 72 73 74 73 72 75 75 76 73 76 75 77 77 78 76 78 77 79 79 80 78 80 79 81 81 82 80 86 83 84 84 85 86 85 84 87 87 88 85 88 87 89 89 90 88 90 89 91 91 92 90 92 91 93 93 94 92 98 95 96 96 97 98 97 96 99 99 100 97 100 99 101 101 102 100 102 101 103 103 104 102 104 103 105 105 106 104 108 107 61 61 64 108 112 109 110 110 111 112 111 110 113 113 114 111 114 113 115 115 116 114 116 115 117 117 118 116 122 119 120 120 121 122 121 120 123 123 124 121 124 123 125 125 126 124 126 125 127 127 128 126 128 127 129 129 130 128 134 131 132 132 133 134 133 132 135 135 136 133 136 135 137 137 138 136 138 137 139 139 140 138 140 139 141 141 142 140 
						146 143 144 144 145 146 145 144 147 147 148 145 148 147 149 149 150 148 150 149 151 151 152 150 152 151 153 153 154 152 156 155 109 109 112 156 160 157 158 158 159 160 159 158 161 161 162 159 162 161 163 163 164 162 164 163 165 165 166 164 166 165 167 167 168 166 168 167 169 169 170 168 170 169 171 171 172 170 172 171 173 173 174 172 174 173 175 175 176 174 180 177 178 178 179 180 179 178 181 181 182 179 182 181 183 183 184 182 184 183 185 185 186 184 186 185 187 187 188 186 188 187 189 189 190 188 190 189 191 191 192 190 192 191 193 193 194 192 194 193 195 195 196 194 196 195 197 197 198 196 200 199 157 157 160 200 202 156 112 112 201 202 204 152 154 154 203 204 205 150 152 152 204 205 206 148 150 150 205 206 207 145 148 148 206 207 208 146 145 145 207 208 
						210 140 142 142 209 210 211 138 140 140 210 211 212 136 138 138 211 212 213 133 136 136 212 213 214 134 133 133 213 214 216 128 130 130 215 216 217 126 128 128 216 217 218 124 126 126 217 218 219 121 124 124 218 219 220 122 121 121 219 220 222 116 118 118 221 222 223 114 116 116 222 223 224 111 114 114 223 224 201 112 111 111 224 201 157 225 226 226 158 157 158 226 227 227 161 158 161 227 228 228 163 161 163 228 229 229 165 163 165 229 230 230 167 165 167 230 231 231 169 167 169 231 232 232 171 169 171 232 233 233 173 171 173 233 234 234 175 173 177 235 236 236 178 177 178 236 237 237 181 178 181 237 238 238 183 181 183 238 239 239 185 183 185 239 240 240 187 185 187 240 241 241 189 187 189 241 242 242 191 189 191 242 243 243 193 191 193 243 244 244 195 193 
						195 244 245 245 197 195 199 246 225 225 157 199 250 247 248 248 249 250 249 248 251 251 252 249 252 251 253 253 254 252 254 253 255 255 256 254 256 255 257 257 258 256 258 257 259 259 260 258 260 259 261 261 262 260 262 261 263 263 264 262 264 263 265 265 266 264 270 267 268 268 269 270 269 268 271 271 272 269 272 271 273 273 274 272 274 273 275 275 276 274 276 275 277 277 278 276 278 277 279 279 280 278 280 279 281 281 282 280 282 281 283 283 284 282 284 283 285 285 286 284 286 285 287 287 288 286 290 289 247 247 250 290 292 200 160 160 291 292 294 196 198 198 293 294 295 194 196 196 294 295 296 192 194 194 295 296 297 190 192 192 296 297 298 188 190 190 297 298 299 186 188 188 298 299 300 184 186 186 299 300 301 182 184 184 300 301 302 179 182 182 301 302 
						303 180 179 179 302 303 305 174 176 176 304 305 306 172 174 174 305 306 307 170 172 172 306 307 308 168 170 170 307 308 309 166 168 168 308 309 310 164 166 166 309 310 311 162 164 164 310 311 312 159 162 162 311 312 291 160 159 159 312 291 247 313 314 314 248 247 248 314 315 315 251 248 251 315 316 316 253 251 253 316 317 317 255 253 255 317 318 318 257 255 257 318 319 319 259 257 259 319 320 320 261 259 261 320 321 321 263 261 263 321 322 322 265 263 267 323 324 324 268 267 268 324 325 325 271 268 271 325 326 326 273 271 273 326 327 327 275 273 275 327 328 328 277 275 277 328 329 329 279 277 279 329 330 330 281 279 281 330 331 331 283 281 283 331 332 332 285 283 285 332 333 333 287 285 289 334 313 313 247 289 338 335 336 336 337 338 337 336 339 339 340 337 
						340 339 341 341 342 340 342 341 343 343 344 342 344 343 345 345 346 344 346 345 347 347 348 346 348 347 349 349 350 348 350 349 351 351 352 350 352 351 353 353 354 352 358 355 356 356 357 358 357 356 359 359 360 357 360 359 361 361 362 360 362 361 363 363 364 362 364 363 365 365 366 364 366 365 367 367 368 366 368 367 369 369 370 368 370 369 371 371 372 370 372 371 373 373 374 372 374 373 375 375 376 374 378 377 335 335 338 378 335 379 380 380 336 335 336 380 381 381 339 336 339 381 382 382 341 339 341 382 383 383 343 341 343 383 384 384 345 343 345 384 385 385 347 345 347 385 386 386 349 347 349 386 387 387 351 349 351 387 388 388 353 351 355 389 390 390 356 355 356 390 391 391 359 356 359 391 392 392 361 359 361 392 393 393 363 361 363 393 394 394 365 363 
						365 394 395 395 367 365 367 395 396 396 369 367 369 396 397 397 371 369 371 397 398 398 373 371 373 398 399 399 375 373 377 400 379 379 335 377 404 401 402 402 403 404 403 402 405 405 406 403 406 405 407 407 408 406 408 407 409 409 410 408 410 409 411 411 412 410 412 411 413 413 414 412 414 413 415 415 416 414 416 415 417 417 418 416 418 417 419 419 420 418 424 421 422 422 423 424 423 422 425 425 426 423 426 425 427 427 428 426 428 427 429 429 430 428 430 429 431 431 432 430 432 431 433 433 434 432 434 433 435 435 436 434 436 435 437 437 438 436 438 437 439 439 440 438 440 439 441 441 442 440 444 443 401 401 404 444 401 445 446 446 402 401 402 446 447 447 405 402 405 447 448 448 407 405 407 448 449 449 409 407 409 449 450 450 411 409 411 450 451 451 413 411 
						413 451 452 452 415 413 415 452 453 453 417 415 417 453 454 454 419 417 421 455 456 456 422 421 422 456 457 457 425 422 425 457 458 458 427 425 427 458 459 459 429 427 429 459 460 460 431 429 431 460 461 461 433 431 433 461 462 462 435 433 435 462 463 463 437 435 437 463 464 464 439 437 439 464 465 465 441 439 443 466 445 445 401 443 470 467 468 468 469 470 469 468 471 471 472 469 472 471 473 473 474 472 474 473 475 475 476 474 476 475 477 477 478 476 478 477 479 479 480 478 480 479 481 481 482 480 482 481 483 483 484 482 484 483 485 485 486 484 490 487 488 488 489 490 489 488 491 491 492 489 492 491 493 493 494 492 494 493 495 495 496 494 496 495 497 497 498 496 498 497 499 499 500 498 500 499 501 501 502 500 502 501 503 503 504 502 504 503 505 505 506 504 
						506 505 507 507 508 506 510 509 467 467 470 510 514 511 512 512 513 514 513 512 515 515 516 513 516 515 517 517 518 516 518 517 519 519 520 518 520 519 521 521 522 520 522 521 523 523 524 522 524 523 525 525 526 524 526 525 527 527 528 526 528 527 529 529 530 528 534 531 532 532 533 534 533 532 535 535 536 533 536 535 537 537 538 536 538 537 539 539 540 538 540 539 541 541 542 540 542 541 543 543 544 542 544 543 545 545 546 544 546 545 547 547 548 546 548 547 549 549 550 548 550 549 551 551 552 550 554 553 511 511 514 554 558 555 556 556 557 558 562 559 560 560 561 562 564 563 559 559 562 564 566 565 563 563 564 566 568 567 565 565 566 568 570 569 567 567 568 570 572 571 569 569 570 572 574 573 571 571 572 574 576 575 573 573 574 576 578 577 575 575 576 578 
						580 579 577 577 578 580 584 581 582 582 583 584 586 585 581 581 584 586 588 587 585 585 586 588 590 589 587 587 588 590 592 591 589 589 590 592 594 593 591 591 592 594 596 595 593 593 594 596 598 597 595 595 596 598 557 556 597 597 598 557 467 599 600 600 468 467 468 600 601 601 471 468 471 601 602 602 473 471 473 602 603 603 475 473 475 603 604 604 477 475 477 604 605 605 479 477 479 605 606 606 481 479 481 606 607 607 483 481 483 607 608 608 485 483 487 609 610 610 488 487 488 610 611 611 491 488 491 611 612 612 493 491 493 612 613 613 495 493 495 613 614 614 497 495 497 614 615 615 499 497 499 615 616 616 501 499 501 616 617 617 503 501 503 617 618 618 505 503 505 618 619 619 507 505 509 620 599 599 467 509 622 558 557 557 621 622 624 562 561 561 623 624 
						625 564 562 562 624 625 626 566 564 564 625 626 627 568 566 566 626 627 628 570 568 568 627 628 629 572 570 570 628 629 630 574 572 572 629 630 631 576 574 574 630 631 632 578 576 576 631 632 633 580 578 578 632 633 635 584 583 583 634 635 636 586 584 584 635 636 637 588 586 586 636 637 638 590 588 588 637 638 639 592 590 590 638 639 640 594 592 592 639 640 641 596 594 594 640 641 642 598 596 596 641 642 621 557 598 598 642 621 155 643 644 644 109 155 151 645 646 646 153 151 149 647 645 645 151 149 147 648 647 647 149 147 144 649 648 648 147 144 143 650 649 649 144 143 139 651 652 652 141 139 137 653 651 651 139 137 135 654 653 653 137 135 132 655 654 654 135 132 131 656 655 655 132 131 127 657 658 658 129 127 125 659 657 657 127 125 123 660 659 659 125 123 
						120 661 660 660 123 120 119 662 661 661 120 119 115 663 664 664 117 115 113 665 663 663 115 113 110 666 665 665 113 110 109 644 666 666 110 109 
					</p>
				</polylist>
			</mesh>
		</geometry>
	</library_geometries>
	<library_visual_scenes>
		<visual_scene id="RootNode" name="RootNode">
			<node id="pCylinder1" name="pCylinder1">
				<matrix>0.584451 0.000000 0.000000 0.000000 0.000000 0.834180 0.000000 1.070109 0.000000 0.000000 0.581633 0.000000 0.000000 0.000000 0.000000 1.000000</matrix>
				<instance_geometry url="#meshId0">
					<bind_material>
						<technique_common>
							<instance_material symbol="defaultMaterial" target="#lambert1" />
						</technique_common>
					</bind_material>
				</instance_geometry>
			</node>
		</visual_scene>
	</library_visual_scenes>
	<scene>
		<instance_visual_scene url="#RootNode" />
	</scene>
</COLLADA>
